{"version":8,"hash":{"type":"Buffer","data":"Ffl/cudN94hKvNTkc5+VC0+WgXidysVjPULh0CR69vfukfkNuxxlK5ti4k+LLZJgL0Lp2qlHwTp1C9EdDY0HhbVGhBHmHUI/Qrlb3a6PLnUnYBKBGth5bVrS/8JHErO9bN/QGDlP8uul7gzp/ejkJOXOnEvJF5Kei7onwZ9vyEQ="},"indexValueMap":{"1I1yeeshkcRyLuEWWKbHDmXxWqnjLh6A3Pgd/SL8/Ho=":{"valueMac":{"type":"Buffer","data":"6Nee/Iwn8/Lr7dttGpQgJcTgeAM3avEalnxYUuFJEEM="}},"nA4twLiDN7Emiw6KBGYdYghny9rKN0jWDXlHjgxVZb8=":{"valueMac":{"type":"Buffer","data":"DYDaIO9fqrD6vaivwsXqU+fIg1fJCcNhUXNfC5u6mPU="}},"Ks5W2Mg7p+pvzzjc9+aIxS3vmmnCISzDvFPu3I7K3sE=":{"valueMac":{"type":"Buffer","data":"0gqGVn7PHnens95pGg9CECNc1+dfUeC4nj9o2yTaR30="}},"rOre8UScMnTEU8rXAf0kWbAD/O8xbfaGSRJuvhzeEr8=":{"valueMac":{"type":"Buffer","data":"IwddJv0JMGALiBN+EklP1kPBCYcA9B8Lo2khawDzgcw="}},"7zRKLpQ6cdnDeIqEzNg6m56WFf/UCvpoZ7bhGj234Vw=":{"valueMac":{"type":"Buffer","data":"UpfZBOT7oOqeKDizeP0/r7ASOkIgGFwkKIabmVJhsLE="}}}}