{"version":15,"hash":{"type":"Buffer","data":"xEdtDpTwVhxCU7+cvdpwDO41yt4fkoqHv96NAuHX/lmcOrWTqxCFlvNvO+Kw39v6A1ATpIBEXbc3lZz3Wy9aGJiMz/Naa9C6wibbCifutaSK+NEHp/TiWJ3iqf8rKjEFOqhLcVCPg4I3J2WgkgqOo90rHRgyvOdlYffCwRi8LVs="},"indexValueMap":{"9pKrS16LFMbv6vohgEQjwsOh1VVYsbCaOzzjPuJYyZ4=":{"valueMac":{"type":"Buffer","data":"vFjPRgB8nB2wuebdxZcaKj50JCrq56a4gX8cXGZYL1Q="}},"8dZPAXObm1IpQ7MxgY88D4LnxgjReyJfytfHUV0kkIM=":{"valueMac":{"type":"Buffer","data":"kc9V8rIUsfhJSRUzdgxyJHZwEXDpaYZRLlsdomB6qqU="}},"1Shshiv2PoNuG+fD+xGsssxWtsSEU72C8zYkwO/2PMw=":{"valueMac":{"type":"Buffer","data":"spmI7hp9q62dQaryimKdN6RlAw0m5Aqtun/HFFRMpBI="}},"MAiwdul38WIFVANVxanjOq3qHXshGO0e9RuOhyyxfj0=":{"valueMac":{"type":"Buffer","data":"OU21+w0YcHrs/49VuejQVOdEBNY4YNYdPJYYjtLSPHY="}},"EnKIF/bGAs5fBAP0y2TasBSEaqHhEwIXykUl2WF77nc=":{"valueMac":{"type":"Buffer","data":"LdTk71kDUNyPtyl5AgYHfI5g+NNDAHR8UtDnjy3aerc="}},"fssL2t7us+iPWwPOGFyIMNIH+OU2NtZaQFMoPOBEnw0=":{"valueMac":{"type":"Buffer","data":"gQdATBnQmjuX7V1RS8F5Ds5ABBsBuNDoi0EfxfdmW9c="}},"WnSFOR4gG7PJPRCW8/pQATPpcngowqrO9RMzn7MezLs=":{"valueMac":{"type":"Buffer","data":"zlxu+dNbbnnqlzvQw2TVBYnhOcGDHy9yihZGwM2UISg="}},"GtObMcZDqZ6Ri6Qlu+ZV1COjBMyds1bOhDik00JIRIE=":{"valueMac":{"type":"Buffer","data":"zui35n0gMgPtqcSUMdljUgmxyLM61UYWk0z3BZHyAf0="}},"GqiIJj9vVjlhUqOx3HFV9UVpgTceetQJvNOip59/pUI=":{"valueMac":{"type":"Buffer","data":"xDGtfgQlmYqwy6oTao1DmEiMuX3J8MRq9FHNyW2MTCA="}},"7ANac6a/8lK47HBwZLHHW+VBvrr68UYAZJ9XXTN/GGM=":{"valueMac":{"type":"Buffer","data":"HYw2DDagNEs9b7v1GPRYcP1DdHTsEeknrqcniwAWXYo="}},"NavP1utwBu8lXsUGRW05IwKlTEDaYj1T2Xx44JtrbvU=":{"valueMac":{"type":"Buffer","data":"xgR8lMCQqYTY/6SPnst3KvA/78fuCniMeSxSQhZfiYM="}},"1kXRiNmX0xoI6K/gO/BjxbA5+gXHBWwvHWQA3B5Fs5Q=":{"valueMac":{"type":"Buffer","data":"FOE2sDyq+aWUCd+YC91lqHwQhdecA6j3Fp/VDIjpZNI="}},"maHvqOHNcsqpHQ1ZrZlW/G1inotpwSLqFT5rwvcmgVI=":{"valueMac":{"type":"Buffer","data":"Z5xdrxkUIyOwznaVilPX5OHZUMwKe9U3tkbYGq/Yl1U="}},"KR9ZdjLbN/v41MmSi0e1BU56pVZF1iWJAzFxVVII828=":{"valueMac":{"type":"Buffer","data":"EtIOjL0xW6WTNzuLbWenpOL8BmjxPSSsvRAAMxeWC8w="}},"ylm0Dw0Udq42XuVTpxfNbIvYLzvi9MZHTOStVD9Vwm8=":{"valueMac":{"type":"Buffer","data":"tlkUpVUsn2/0RZkSI7WBxP5zqkRgY8nSB1KbAQnPMKM="}},"nZxQVLSl6MeoBHtGUosgb7cSuhxFOtIbQvC3qDXlhx8=":{"valueMac":{"type":"Buffer","data":"4759biuWGUhr+DsYkKGgVVDScPTurdAohlARL8Cwe9I="}},"VHdkvtpuqCpUuCPtii9TKHq5Dr2hN+11t3LnSTF0KBg=":{"valueMac":{"type":"Buffer","data":"XMkvxhwGI6kcDl00cZ3iTYQoswdBy8Z7efD47wx7M+k="}},"xHfy39vfrwQDFy0RjN+3Rx22cUXYFUPyYVpMcRU+vLE=":{"valueMac":{"type":"Buffer","data":"7DbGHNwHxnBlTjc5htl2IuxRQ7kJYx2WBcee1laWNaE="}},"ZqfuV1u3o2LFdQGPr4KUQQPU4xfWVAYmev6RKl9Xi/I=":{"valueMac":{"type":"Buffer","data":"5oo0SNSBMd5uvhK0ENsQuYUkTtHyQLp/IltQzdb8HNA="}},"VS2j+5iQnKcNR88c4WpjpUmqStf/RYF7CxYlpMfiOmU=":{"valueMac":{"type":"Buffer","data":"CNetIrLG94RR/phuHs8COpApQ5JAcQ+A5nEz+AC9zok="}},"n2TM1lJV2vO6TremJZB8SUa0LtrmInnKvBsYpR9dzRk=":{"valueMac":{"type":"Buffer","data":"QQw5sDng5FokQgeIcHYZu79T9TVkmePHYauwzO/4FCI="}},"KLG2tnQyJphSXV/luUBQ7Aw+sddP7QnL02ntNFdfg+U=":{"valueMac":{"type":"Buffer","data":"t5GFL4tSi8H0NtgLTpTq1lSnNXJF1X9e1vcHtGPJf4A="}},"HRFPOj/o00AmgaVitWm/sEgOTYfvjtwghJJHGfo33B0=":{"valueMac":{"type":"Buffer","data":"yJxYbOJatclbgero9Xym2R9Gb4Yv9Nx4FkupZALYPXI="}},"d++RvLViYpzcGVxWgkx21ywv7TBG1vOUaN3M9QsHcYs=":{"valueMac":{"type":"Buffer","data":"ZJXx/PDQseVUaKnFacWluv9/L+8nPpZ9aq1Uz8lud7Y="}},"vVakPk4YUfB4jR1HHEpn3bMQAAnOLAnR+m4nSfuoiE8=":{"valueMac":{"type":"Buffer","data":"eQEy5RH2D5Jy0HpG6HXqmPxyS2UKvoxQ3R+jPvPqUfI="}},"6z2gcat/yxDEGjpurBJ2vM9taZWN7jXUxzZzU10vdEc=":{"valueMac":{"type":"Buffer","data":"0MxpSeSD1VhNaxKmTyN+nL271kDZ/lQenSQs0DXaviY="}},"24ytRArozr96wU7IZ5OwGhP4Ang69dlwuKwxEkdTVd4=":{"valueMac":{"type":"Buffer","data":"GFEVaW32flwu4fdmA2Xz2CKDM+H6W7hOHI5KQlDPFSU="}},"GRzkRkD3D3wZMTe6Qp3ahI8lIy/fwlfE5/xv2ElkSOI=":{"valueMac":{"type":"Buffer","data":"FvZ3gjY3wdUyPWM/y805fkTENJnZWWIK0SdKaEFRzbA="}},"qgeOAxc5ToDZ9hYmnLyvpX25/hcilfXGP9F12HqBCwY=":{"valueMac":{"type":"Buffer","data":"bEW40xY6+NurHYuBuWuMLR4v6jfAj+mFbHwfMjd+6t8="}},"zSLhyzZUcezoiS4dA+VyeXBqhQu9j4oc26uUnIdgjCI=":{"valueMac":{"type":"Buffer","data":"PPvU10F9aZGkq0KGuLiUocCZG9AtopJ9aFXg3ylGI7U="}},"HJqX+N4vjai+GJ2O5ntcIdrQCLvkZ0Lhb74loR94eKw=":{"valueMac":{"type":"Buffer","data":"8pA3nYW+QqUTyvu+D1eP5rkzz1xzJ47JXv98Q4Ij/W0="}},"ftaCpZn8IBuZMiyYybNUDgrHxDbSe044y6nvgP5fmGQ=":{"valueMac":{"type":"Buffer","data":"AVyWh3ipRiBCOC62BHHqvPZXWtITjxOAI7Flft77yf8="}},"nHcNHNRSWFlgjk9HT9GF8vpUzUVI2ICmzmuZFOSHBIg=":{"valueMac":{"type":"Buffer","data":"GqdDMErJFg5H5wHMobjUnje9y3eZUQArK9YxUXcxvWs="}},"phzEG1uw+xz1vC1lYvtA7Hao4Tv8Eg4E0jedR85Ol4o=":{"valueMac":{"type":"Buffer","data":"fa7tij4rfm7UJWHQAAGr8HBRU00TMFZj0+XWswMwX7A="}},"rdxunuADDWP7Q0PNoWI+OmiL7VFQwIs5VN+9SwRbtP4=":{"valueMac":{"type":"Buffer","data":"u0AKTYc4qS1HO748rLwysY39ColgS08zv0yFk8l4fCw="}},"/UlR43dfHtf9lT/Xybk5RKyQpWBLDVQA2soa9A+iFx0=":{"valueMac":{"type":"Buffer","data":"laYN+R6aYmv8MEGm5ursKeYzswa+obGS17HOIjBXkwA="}},"3diDo9H5B+CbP2vOMp4xJGnuUF1F8rP6eroL+cYOt10=":{"valueMac":{"type":"Buffer","data":"+3QXVYLqiOLlQ6fTnM/24uuASyRZGCr2REIDYx6cNUA="}},"42oxyxOE/kIWRB4EjW/YEymWUwqBgWReFq+jyPk8Yl8=":{"valueMac":{"type":"Buffer","data":"5gPWKc83ne5oJgn1SMQmMF8kK6sDpC+SRj6d+uMPI34="}},"wXYt0tH7mmnKtDD/IG14iVORyEpKC1xDAm7PTrzp8Y4=":{"valueMac":{"type":"Buffer","data":"hfIqbBYXSRbpX0jUN2Wh6XtdSMH4qAEyt5JycojhX9g="}},"CfNmgu1hWb3vVLHWfcnHUElCQTovggoDOQaWXNudc1k=":{"valueMac":{"type":"Buffer","data":"GDV373nYTLvY2b+x95nokQVGcg8ECyfp3K2n7KF6mpo="}},"0kJ07LkUtH+0yi7WfxFB67NydgKX/tahT1WO7EW31iE=":{"valueMac":{"type":"Buffer","data":"QMXjI2KAsaLqHAgOBNpZABhfeLngSXbGxTJMKTMPmRU="}},"bBVVqjczk1LZ6nE8dTs/CMEkkOSYVWwB8RdZcxvea50=":{"valueMac":{"type":"Buffer","data":"ECumb3Pbmd9uqVHwgjT1qA0Aqr4iCGjNkBFmuw6O4oc="}},"rXT+K9Q6rEbiiq1Xa26xw4kQ2DvnHcP6q0j5kH/ZJb0=":{"valueMac":{"type":"Buffer","data":"C4+czT6LIVKsH2H2XEbL75RfKK01NM/77K5Ji1Nwqzs="}},"b3bgmcGK5LFEVJt9A69lmP1ANPQyDw9tkf/efHmYWas=":{"valueMac":{"type":"Buffer","data":"XgkoFuvgUFajvIRnG/L3ZQ5qO5oEZuXPeXSAgRK9NR0="}},"io8gbjtBa+6tqOmpbBQi+gN29H3fT7WjzX9fgHotXY0=":{"valueMac":{"type":"Buffer","data":"eaBUvkqvKDlvPfdaHS/DgYufq1kypmZe/lCeHl/6UyU="}},"MRZf4cPJjnefdWqpydlNncCoBzOLIG8V7nnNyk/xCUA=":{"valueMac":{"type":"Buffer","data":"d6ZXBVOV8Bej2LPan5zGnAb5n1mwDeFz5Mm/ehsbg3M="}},"ZH5+a01NreU2qvRxuZ5LhaFm+y2Bu9ZvkHqTWWmF4rw=":{"valueMac":{"type":"Buffer","data":"l9XIjaio8KtAB4pgsJ1ZArvPXTdHlAZ7DNBF6rbYdRM="}},"I6csRqOIq7nCuGKwS0mEbmcMvBj/yRvaMTkujFQB/k0=":{"valueMac":{"type":"Buffer","data":"6kbDFEZdqk4CMEqC+TsGxo+Lw5uXRLsmp3TPRtRKR8k="}},"kzB6AIM8AQgrZJ6av7UpxjD0WRDw+af0LXgwro/htL4=":{"valueMac":{"type":"Buffer","data":"wehn/GTrXA8jsHmbGIlgNFgE6DHeQyyOArlK5DHHezw="}},"Tum+c43i/cZGm3Fo7j3/KxjARRyv7ooq/ARPzxPysE4=":{"valueMac":{"type":"Buffer","data":"l32KQssYzCjz4SCtkl1EAy/3qGCexChxH6MhEZQkMo0="}},"hNNUNcJxmEVxKApQTfPmMCFjzBq6qTCzhGkjlXeD1cI=":{"valueMac":{"type":"Buffer","data":"Piy5TdcEPYQI1eWUhMThHTxQSaNkdCzKthhc3MmKx1M="}},"nBaJpw+mAQP3w3jZPnHj1wK2ZK4mg87QieyV2YaEExM=":{"valueMac":{"type":"Buffer","data":"+OKDEuaViz292APjnpXCyDPqL9pgTHs5Z8Mg7ePfH/s="}},"grrjmeuS832Vo+JrKmz9ccEWEIjWBDy3flDKlAPKLoI=":{"valueMac":{"type":"Buffer","data":"YtnQA63Es6yoiocMFBktPhcTxiioyRbprfIiscl8TTQ="}},"rO8OJRCkm3JTwiFPcXeHlcc/b9FZ71g0mUzdnOTq4Ik=":{"valueMac":{"type":"Buffer","data":"GWMHhIn1OW/WT0JWRapm8Jo/ZE8ENGuACqCinxDedZU="}},"ScVfN4EcE+A/61yyZNKkaDVl4WZan9w9Aw70sjIKHZE=":{"valueMac":{"type":"Buffer","data":"hT4qHFS+CbJQ/QhawHsOF+pKlPQ2iTqIfvM11Py2mXE="}},"RlTT4sON9wvaKcixqjPh12z0eTAU55utHjqj9vf/iSY=":{"valueMac":{"type":"Buffer","data":"frdckbp3MMvbMAndW+zW+rGBAcB2/xGQ1O7LRLj4zV8="}},"9cmEZSI1ktsY6PF0smnF6FVv2+v/ttM07ZQjPzIZNh8=":{"valueMac":{"type":"Buffer","data":"Oc0rIaUdhAP2OUoC1rD9Hb2fd2KCIKTLIETGioyiB/8="}},"yht9swQkSLMK0D4W1NUJQLY2xkCwvckhk2UHBeN5aQk=":{"valueMac":{"type":"Buffer","data":"ppBr0GY/FriynUD7BcV/Ij4SM61FKoV8WKIKvV5C+OI="}},"0Y1sZ55PqR01wzoqBWrk6lsalBqDcM7xLUrOOz2BsvY=":{"valueMac":{"type":"Buffer","data":"+Ym5B2H6WX5beX77zBFZhTkjwzMpLDRUnJb7IOP7znY="}},"3lmyteediovL+IbLOUt8G9q1kCZaJR2jPJgKqN3Q04k=":{"valueMac":{"type":"Buffer","data":"72teXTWEbMC7+x6SHvrW6mTTgwd4YC5CtqxTPFVDSqc="}},"+MT9RlQR40sdBhw6elr3MtSuPOG8ODOfl47t1A2owYo=":{"valueMac":{"type":"Buffer","data":"gO/2a9JpICe0rSTQ4BdhptGjA1JdbmXhfUdk0YvaE6g="}},"orX2wUS3KYimEc/gem+2DLr2K4QCcEGeqFiaRhOIhac=":{"valueMac":{"type":"Buffer","data":"s2t6+yuftGTV8MmCaE3xPlaBXtIR8Z5WQyLbMxNKvmE="}},"T5eUCSkVkHVo5wM4ivxOvYaaN49sVs7lu5GquZNngVs=":{"valueMac":{"type":"Buffer","data":"5ESr6EZIGoiC/VO1PAaJPvZT94H05Ee/F1WmljYrIyc="}},"FkZZa4MGdBiorNQPoeFGVWQGwjOnAzk6ABSFUs87/4k=":{"valueMac":{"type":"Buffer","data":"eNDb0zpXKlEZmgUrQ9VpEbNWAadNnYbz5IynSh8O0x0="}},"pLxzvnsAHz+u8hghDCyrS1WTYr7I5aoyww2sc/yrz9o=":{"valueMac":{"type":"Buffer","data":"3cAuPum/ikT/ZA3o312fzY3RdYhXR4Fq2nU8Pfp/tAE="}},"wlr2ZqBxo5xGEEobFoGDlCTehoO5jjAeuUW/lH2RcJ8=":{"valueMac":{"type":"Buffer","data":"ymyO2Lil+xZAWd4ISvYuyr/GG6YEsPV9RQtFokbXCIg="}},"cWzP33CDMWvizSI68Eu0c1wAmpZvFyy0ilwmTwDbLqY=":{"valueMac":{"type":"Buffer","data":"ebclnCcl937ievt5Ytd8B36F5G7HBjNjouMDavBW0Dk="}},"VtvXBRp5a2iIstCrGB67MdWgDBp5/cJiK/mL8WLZM4I=":{"valueMac":{"type":"Buffer","data":"JcNCQ9+CYOy9SbY++l7n7JfZJUB4vihHH0Xb6JX2Y84="}},"bnOWg7fhea/F0eyPutGQNxjV8j+ILB/sAnTelubjunU=":{"valueMac":{"type":"Buffer","data":"Q28RczsSQQXf/w7cjhR8vsQ5v6etDGQx0auLjzNzpuw="}},"lmKtqqXFVAP/AhfoWqZhvZ3d8ZTsZhvw0BzdsXRzsAg=":{"valueMac":{"type":"Buffer","data":"XWn1Dgfk7cuE8fH/Obq7xyqEXqFGbdXREK1pG+xc2kc="}},"CF5jGGy1s7x6ORFuZvCZWgq4lByAwoydwDlhfPM6dtc=":{"valueMac":{"type":"Buffer","data":"zmiHc+sbpwWzPG8+ZRtlWzK/cEZxm1hudADqWPah/eQ="}},"2TAESWK7LEXvx67c5xpNIxBhX85Ox/0oHg8aJ3+owmg=":{"valueMac":{"type":"Buffer","data":"zyKe/lvarQz73oES5OEV/Tb5OmS3aASNG0ny2JaCLGc="}},"v4pktSGyCchn5EwjJGFEkOIJxHtRBYfwzcTZpybBO9Q=":{"valueMac":{"type":"Buffer","data":"94wAIVY7UNOlvY23uVBiKYT2Gl5gBwl/dAWN4b79wcw="}},"5tXo9THSzKgf/lunD8iUG9g3vl8MWIhAOIhRb3ZFoi0=":{"valueMac":{"type":"Buffer","data":"FwXuqNGK8Jm/YJl+XN4nwAqMNm2pML4xdCWzYpb/E+o="}},"2TLRqs1RhJeBZTgeUy9juSEysAqCBFtDCMRsMitiiXs=":{"valueMac":{"type":"Buffer","data":"/I8emqtc9Jn0m4b26hGwdiudWr5HtCVQd7No+F2oHEU="}},"YJcSn6j70ifRaWNs6q9yTy+MgqwoKcPvXNygVqXf79U=":{"valueMac":{"type":"Buffer","data":"LB7tWakmX5bL1xbFB/uPDB2sbHwdvIKcylM/PFg2L/Y="}},"NAvr4wLzCtNd6NdE+K5CYmY0NjPDMbZBoFBF+vneldw=":{"valueMac":{"type":"Buffer","data":"KJpmQlaTixh8lin/0qVESb25o1icsOXrXGPWc66yEG0="}},"BtQx1QrqcNzyU5JUelj76BqQtX67n4SgZvfgIBHREhY=":{"valueMac":{"type":"Buffer","data":"k4/vCbGyA+jWzqKMa4YKtYwLbcZ8c+xaixL4i67kkJc="}},"K1beKFXWEGkaKRMQLZ+zVGrh84Ab9sbDN9OGzIgKMTQ=":{"valueMac":{"type":"Buffer","data":"qMrH0swHezrJzv0Y2VNhMOFkhvzI3k9qClf2hvwtSZg="}},"SPHPcPuGk8Qb/OFJYq/59oLxI6mUsVpPhepLDlHM/nM=":{"valueMac":{"type":"Buffer","data":"tjNt4Cx6K+LFgVT4DvhIPGkaQhIRJl7OyuauSRHhhdM="}},"bOWrngRybJnNOKN9pK7HJwWPgUfvRCM/Kh2mIxOhFtg=":{"valueMac":{"type":"Buffer","data":"nnHDzJj2j+jMc6Pn+rOyd8+k9vJwOjMvkkGVNS8Z74Q="}},"Axs+kfNydUvDDhABQEixFs62YOwfT/pYL8Pwk3OfdWY=":{"valueMac":{"type":"Buffer","data":"vVlmG0M+94OCMttJlRRAqnH2TiTy+AFL8GRDDU90wQY="}},"47+hypFJoD7vr9bpdEvCV41PyLZPKMIBDldnTLKb2nc=":{"valueMac":{"type":"Buffer","data":"leimSNJiAk0IxkO+7GTNrd3I8dDNLGN6WeSJhaS4pG8="}},"ax1ljNliOG+4j9kNmTpFMQ1N6ZOLOCRveLoGGKZhlNA=":{"valueMac":{"type":"Buffer","data":"gpR3T/Alw+4uQPSzJ4li5CzgFi7coDXCYYgmSQ4F2ns="}},"lblS+35T1NcTs9CZMaPpz4izPQBUFEMowxNwDGHfD0I=":{"valueMac":{"type":"Buffer","data":"dSosBDBZJ7CLnyaq7Upv/y2CrBGdZDD9TdTaRDH9Ggw="}},"aDJdGSwYZfEHrJkkhX2R57gOlYA/9en0zY2X0Q4ULIk=":{"valueMac":{"type":"Buffer","data":"yOi+hMplcYPD/eoud24uWw0xJkFFR0U4m0+Ri4la46o="}},"peO8cuEU1fLG/iV030h4spk7hifM3EqvkMBgmgxmRZY=":{"valueMac":{"type":"Buffer","data":"uCP4T8yA3hMlZ6N+fniJcA5lQTM+6vR71tsxInT2zMg="}},"yAu+FRhYtRnN9D8EA/spCDGM/uHQeDZc6Mx521M9qOQ=":{"valueMac":{"type":"Buffer","data":"/rh/XEn3J1U0XyCuGmBoWn9abSBvneIzZ/mNqdE2gK0="}},"YMxmpSE3VDOQ9W92osfKcINWCF09eytYgkWx/SjsXkA=":{"valueMac":{"type":"Buffer","data":"WqJ9rXgDLoxzFQeIXvL7S3UFg59KvYp/g6XD+0LO4Y4="}},"bvaWOLa/PZ/yK8hgUbE4I+YpCg9RAxWY1d54wmGqe8Q=":{"valueMac":{"type":"Buffer","data":"kM5aJuACZAgvInzo++hoLOIFMugMaj1pUuUWcV2Gu0M="}},"fxAmWPStm1UQyeidqxbFa1fdeG4vg2kUJI20l4ai+P0=":{"valueMac":{"type":"Buffer","data":"SYqsMrCPHbcyNKo6qoi2EPpZFDoJGXOLQKACnOCPjtU="}},"6MHP+GoBherMi01Mel3AZj1/V0iLJOXdlpQ6OrmZa3w=":{"valueMac":{"type":"Buffer","data":"YTAKg/DDSbvO/vG6UHmAw4G35okusnF5b8PgYG6FmuY="}},"sO+8ZJILOgWmY/r87/MyUv1NiI9R83yOnyvGNCHYGF4=":{"valueMac":{"type":"Buffer","data":"N14uic2H89lQk9BMkbuQfScxNa6/BvB+iegNbbNUNi8="}},"pM999/p9nQbS8OHqVQBssSpOueMWfFuIgctomarIdfc=":{"valueMac":{"type":"Buffer","data":"s0p/V90aYksK0RPX4CxyWwMdotDNVvcRtrMYQAeu5qg="}},"P44t3iVkezMtD6ofdpvoAnc4/Sb8wsN6gAYA5Tlflkw=":{"valueMac":{"type":"Buffer","data":"uYPE4qC5kRFXLPCeGXWeiU8zWfgT+Lo30kXPI1YB8NQ="}},"uc3LmDvjsF8FmANIE4EeB7pPEMdIGKQaAEudPg8ZVX0=":{"valueMac":{"type":"Buffer","data":"QWzkpUGxCm8WID73fSaQc/7De4glvqaIDltg5uy7raw="}},"7wLNMx6yKBE95yziFjxA9PHP841wKneUkzCv4DKExUQ=":{"valueMac":{"type":"Buffer","data":"YJAHR/KSs2OPekyfS171qK64Q0pmWAKpwJ63WI6Ex1Q="}},"en/60hEHmb6Wx3TDP5uYlM+Ljml+BSMC0Qd55t7XeBs=":{"valueMac":{"type":"Buffer","data":"tzEiW2BFpTBxWSzoQqvp6ASIgmiOFgDZBnlc2AmCLF8="}},"7ych1z5LSdQZJitZkyyKu/CYvaHxNut6z9y/8clNGi8=":{"valueMac":{"type":"Buffer","data":"wu1nyCNnOzn6pDA7SM6N8xYW2PSTZy5IY6tEUiVD3Nw="}},"AiQl01u7wVQdWvTd7Y2SJAFiMjY/1iuXF+S+zkjHuBA=":{"valueMac":{"type":"Buffer","data":"Y0E7lSoKn/r4UOJBt/Z0tOV2wosPPtxKhNSK0W9pHjI="}},"I1dzeDPP0Uax8ypjts4OaKhR904gwzTfWWew8Edhmlg=":{"valueMac":{"type":"Buffer","data":"BL5qMTK6pr+up4lQARhqyt2H2gQ03xUr+CXDvaSc2ao="}},"EkTeQwNbf82acvmzF3i/pjNF/8muE/XaB3FA589xQWg=":{"valueMac":{"type":"Buffer","data":"xTJU+exWdyynszMAiwNHVP94DbZgnISN7Avvl6CdavQ="}},"1Dme7w0eh3uFSi108NSUJltlEJrwKdEFQ0+07aGex5g=":{"valueMac":{"type":"Buffer","data":"fhHFOmztr5T7nofHxHnDxDkDXJwOHmq7rpDWlSYUMhQ="}},"81HDWWXo4RMlJWT8EReXn3Jrv06LWUI7JH0uGNQLjos=":{"valueMac":{"type":"Buffer","data":"nyq3/JRREeN1Mm6Yuv/MeHUymgKPYqMOF3CJz+4tJbc="}},"AWXLIMK5nZJebSXfPwUx9pC+Izf7Y3hWlbk6vAuAlek=":{"valueMac":{"type":"Buffer","data":"tD4muu0tmG54JXOUpp46fkFOw0lSnlO9KogEyrjk3VI="}},"67a1U+nYnDhAM9wRz45kREmco73el9mXJklJTgU7eg8=":{"valueMac":{"type":"Buffer","data":"qhGAE89D5wS03VDuIaKmrni8PVK4iI5mq6QPW+fQd4M="}},"OlfsCANc/Woj8vbWhFCdtzRmW1IPgiJt3Td8sa+ons0=":{"valueMac":{"type":"Buffer","data":"qbvtkcVVrn+RnBDsYaXvnsOqk0z9cGZWg1gyCkYjNYg="}},"OOCIwSwlGEdHFOFKs0r3eiSaxdwwVMJj6PhwAP/wBN0=":{"valueMac":{"type":"Buffer","data":"jB5nGolrK+gbMMaJj87xzoagCB7vp+8j45c/qNLFM2k="}},"eZd41fUrbudAEvW+br7oq+MVC7AHDFZ5jSAMYX5fNIQ=":{"valueMac":{"type":"Buffer","data":"46lSavbmu2fVlbAucm+TGS9eStzlhwEhnwz+QLVLIj4="}},"hUOGcEdk6NZgwVyPbMTBp6wsLvlJu0dKQLWTy2BPLuA=":{"valueMac":{"type":"Buffer","data":"r3eHAYm4gJYKuK2apXJPsXntutnfESMVOBiwN6cflWs="}},"tEG7fIU9LpKyYZTq1LU6q6X6zNxB2P7f5VHcAn43wTA=":{"valueMac":{"type":"Buffer","data":"sNIQVx57a7crDs92pdq9Jr4cXOVmL10QC6IR5I7okUQ="}},"x14UGNAtbST+sZ8gqokNKm1DVVwUDaipu3XVFg+Jv3Q=":{"valueMac":{"type":"Buffer","data":"WCCtxk0qbjNVrnR3WEMgp4cEg15xVieByFbryGUKBRI="}},"Xl9+KygPRr+kD0Y2eJKW7idvRlStA++P+84Y6PGkOsY=":{"valueMac":{"type":"Buffer","data":"VVS6K/NFynrJZIevUgWCG2HDGIIE+SSCWWTZMZqTZfY="}},"5xVIFDIvbzNR5NfNkIzQv2gU7oJgjIBBtsoDsDsVeXE=":{"valueMac":{"type":"Buffer","data":"GOmbK0jzzFoh7yNHi6312ad7CzaSD+4/DqyjTwfOfMQ="}},"qxIPcO6MMQYrEFRFQGTxvKMfQxvFo7dNmbS/lzkBbpU=":{"valueMac":{"type":"Buffer","data":"0rwuhUJauuZZOuKl3OBVp/xk91VlQIHTHILhdKDOEOo="}},"4L85+havKo/6/s1SCK7m6h772l+9Y0TYOk0PUVveikY=":{"valueMac":{"type":"Buffer","data":"Vhz9G/iTPYS+EB4q52dUSWWONqVEXGL+KOW4tKMqaJQ="}},"dahVs4ogyYPf9cOr5+ZfiAq58v+B7HNrd15yzHpzMtw=":{"valueMac":{"type":"Buffer","data":"H8XIiq+FWHS3/rTkk1EVMd9/st/0gKx8MCqvGPaXq5Y="}},"8fiVln248pZ5rL8Kz2hx/yZwAfB1pmVoh0XnTqyrHdU=":{"valueMac":{"type":"Buffer","data":"L2ReLk/ejmEB0/SoK+ebH6HunSRGcbfeAEY4qDK3pLw="}},"nlSCS3UoR6k/aFOn+NrqG9yRuYnJf+3kDXncEcViNTo=":{"valueMac":{"type":"Buffer","data":"KaQi8fIvZbAeD+VPEAaN5slvSgPjfAWxQk1YAnR/FuY="}},"Rwco6ZFfKxG/0zUAWdg+cth0KxSH+op3lK8X66zpVCE=":{"valueMac":{"type":"Buffer","data":"/fTfTpOdKPxJu2jBXAAPZ+LlMymjziygHQsJXSJpuVY="}},"Meq87i9RrJqNmUjN2FDifRb66YmtC82NEvfMzXFiM6s=":{"valueMac":{"type":"Buffer","data":"464htlAZWnriDnmI7//JHI3ABxQUFxKjdNTKeO0aoXk="}},"Wm6HS0q2QjeLKc2B2yNU+4UKicEe624gKivfd48cwIE=":{"valueMac":{"type":"Buffer","data":"fH1SEbKYgkqTdq7HuFqZjo7Wh6oJENp0nrd1YV6TCkA="}},"YipF3nz+m8xnwA+pq7SiKqPutNdx3cd68jppwHYfCNo=":{"valueMac":{"type":"Buffer","data":"KRCL8LD/sDSFINdxBZrQRidIdRN76WFIaJe1qOzQPIg="}},"Gkty6A0/n5JAt6o4At0IRT7bF+M3RJhUW4bxR3c9tD8=":{"valueMac":{"type":"Buffer","data":"1BfLpUAH5erLzX0wEqzQA1Cs34qlVQQslLHNraJfmyU="}},"dY0B/m2T3GI3o4QwvdHOPHI5GZHV6Oxhvl1mk3EOKjA=":{"valueMac":{"type":"Buffer","data":"Pba+a7R2VpIENj9gG6ukyOHIFasLr1rRGq4dV9Hb8Bg="}},"bST+V3MMDpEztE6mWdIWJ8uXqFioW7DZfx+ca8QYc5A=":{"valueMac":{"type":"Buffer","data":"k5SPb/zLfjX/GB/IcCgduXRKduhxKk1FTVAahrIYW/o="}},"kagMcbmmd59O6Zne3g9KC3cjuLfEUN62iaEPQIBbyTQ=":{"valueMac":{"type":"Buffer","data":"sYgb5gDGOy+zylpelS9oV5v97yzkLfcoEy82i7XMQPE="}},"s3XXTRL1dmDFJzNmmF73UE7wnu181WG7jSgxQ6LZB84=":{"valueMac":{"type":"Buffer","data":"x7pf80EsjMwrvQTQ0O8Kl/OxbOASYInK92vZLAlK5Qc="}},"gW5pwE0jYl8nWrh2XNPh3LEJx3qWjnsw7WCs6rXWNWk=":{"valueMac":{"type":"Buffer","data":"qYCIVGlJGP9fMsN7FELEJRnZx15exTK7tijyDC9DdYU="}},"tEvmy5jj5CDGtW4Wkk8jjXOBAMw5lGGBVnKMUva6jdg=":{"valueMac":{"type":"Buffer","data":"Hw01qm7+Nzd//AWBBHSLWJis4ebMT7GNiUMCZizbtx8="}},"kaBm2IeL+kN4FhMkEn3glzs68UhVxqw4VO8E4/phbVM=":{"valueMac":{"type":"Buffer","data":"DveWXLS5P2NWSleHjeqJh6P6ySbhk5qnSgZlSQ4R+9E="}},"uKKEy2A8ZoOLzWmEbRPzAfRcKGdncN6IZQGSmzEBtRw=":{"valueMac":{"type":"Buffer","data":"yZnOXLR4FTDlRCLrRVIH4vjsPiDaBSZc0D5XhoEp1bY="}},"ECo/a0DgL1nLXFQcBvPrNzebFIl+02EauVEmObl1FnY=":{"valueMac":{"type":"Buffer","data":"o4yc8eG8I9Yd2Ss7Wsq+2UcTZeKqzFHBnqqLU8tUP2w="}},"B6xoT2Mqg0NHLf//aOp4MSVOhv0MKxp7v7h8+kvozTI=":{"valueMac":{"type":"Buffer","data":"IwAzsUbKsCpcrrYanXFHo17jHRTGdd3T9UldxURlfZw="}},"WGcbMdD8NKyyG4+t90cVuVujU/GTzyeqPosgi7r/TbQ=":{"valueMac":{"type":"Buffer","data":"dTd6+g71l3VehyhsE4Kw3n6OzPSOJw15aWHgZP8AwS8="}},"kLnY61JHYkEmziTMDlyW0Jlsy5TZjxhcX7V8toaxtdk=":{"valueMac":{"type":"Buffer","data":"UIb9KQ4OG1WkVEBrTMSPRp6Gi612I8Kxjzrl5HTzg2I="}},"6/67CVb2kwKenFxQMFqc+9Ox7KN4vgpnlnZAI/STgPQ=":{"valueMac":{"type":"Buffer","data":"iHslpO2IzXS5XvBAfZUvvOvNTk3yKRNzgR0rZ4MjahU="}},"Y+d9hnGcUYAmOCUmtdrO5mZylHPh0jqcMhlL49fQ2+A=":{"valueMac":{"type":"Buffer","data":"ZNfL1xMzil5jm5NbcE7kK5oDRyM7QrSqMRXM9NshN7o="}},"CbuB4fuDFe6BdY66rpSi18JWrZbdCUc+6nUOM/fAgDo=":{"valueMac":{"type":"Buffer","data":"CA3QCTDp6OUXkhaHOvjRZUKc6MJ97IfCfdtNIMPTK9E="}},"CKE9Grbjjpz5sbelCTU9ka/XGMMwSgFnJ+464FI3A4o=":{"valueMac":{"type":"Buffer","data":"N7CePtu57Hfqmv8biGEoBDYzJagav7b98hP4WaTi7c8="}},"YI9wi0e/CZBSrEqUscVwmKokJZ29nsn/hM6WoIryuWY=":{"valueMac":{"type":"Buffer","data":"9C4GD1+8kustqVpyXLx3oos59+JnxUvTdHpqd7eHUx4="}},"6Ky4z/r0Kn25FnYTY4Ag914dU8eZc0gdLNvwtsRkLx8=":{"valueMac":{"type":"Buffer","data":"9JJJCVDYLDdI6PFUqckPEqlzEFurGt8mRBms0+GMNpI="}},"dV/3I44FzUFqrS+OCKISDmiCkxj0spCu6sIp9a/KI9k=":{"valueMac":{"type":"Buffer","data":"L609Bzs2qR9lz/bu3y7BIXh6peGccfI0mfmwlJenJlA="}},"14Yun9ixxyiHAVdzqwrNvuaj6OBrOQDZqmwoRdwXqQ8=":{"valueMac":{"type":"Buffer","data":"+l+RC25yOrZgGaWoSisSbdyVsp57jrJvWFMY5NbWet8="}},"jMYPb1oUrZGJmocCuuiFrCDyBZM8s6e7KDKXcwfAQ8s=":{"valueMac":{"type":"Buffer","data":"2y+uxOBCG4/PDZoRDAaae8OaXnl97/NnhBCDbPAM6p0="}},"UBnuwMq3Vfd2yYU5UDQhNfWxK3g9HuMcxxRxz9s9ipk=":{"valueMac":{"type":"Buffer","data":"J2K7IQ9o0nNLqCCa5/kcFx3/Jz9OCmxSUP+RYjT0orU="}},"A0vJkMc3dQ67fbNEWMXXuGDBOcDScxL87cvPcxZUsrU=":{"valueMac":{"type":"Buffer","data":"jQSE19G6GNvvzHeNAsMWV8TNmlBS9IW37Ck8X5c8FRk="}},"3+a7sn4RmjxtgaXRgesmVgIeWjO/Eg4PEkmlbNHlxMs=":{"valueMac":{"type":"Buffer","data":"xpYavpak4NesAzHEH5ahZwiXBOLvm+ARqxPYQhUXXVQ="}},"Wis7RpkO5CjC2yNuTHugiU4QGFTLFyejQQM8bFHWvw4=":{"valueMac":{"type":"Buffer","data":"HH6X/Z4IAfG7m/UnhY1qF2uxaA3yiOCospbiiLCVGV4="}},"IkSFV+SbcVXaygUvB9caZTcNb0DtBkm1IQQDqMoLKxE=":{"valueMac":{"type":"Buffer","data":"3DMh91t+T75mN9m9nqqtZLOKjInIwA5Fo4teQkiUy9g="}},"Ld4qyx3k/mw7iUwXQuBo77uuh7NrJnpAKZ27aFEedf0=":{"valueMac":{"type":"Buffer","data":"w8WRC9bM4v7Hl8JQfMu9cMX3T0xBN/aMJCBpJh3iI+Q="}},"kWfbMIfB8dYVwZIVTaZ10usU09NbJGmLbprvCAsNVxo=":{"valueMac":{"type":"Buffer","data":"0OCbsWsCUVzF/s7DVe2W7BmSfSEqms87UCiMRKZ1gwU="}},"Jz+w4YDJi7QNZG66tFWUfRNqIklNNJ1aurAEike2vO8=":{"valueMac":{"type":"Buffer","data":"5HayFnUsDBofLdZKqM0Qs1V7wv0/yRUeoWFMz8gBDcI="}},"QaN9NLg1wS9wdfJ2BXL9ELrcwsxWmVWgbZotfga47mo=":{"valueMac":{"type":"Buffer","data":"wLkhkMKdXY4pIJjrxONmmn93IxYR19ba5KsaHjZmNtA="}},"+RiAQqHDAbCX/NDv9PPzCVU+GMc+VKQliIzqFu+GOSs=":{"valueMac":{"type":"Buffer","data":"MXeFFXszo4xKt0ZiP8ei11sYBva+t+jpFScmiSW+/zU="}},"yQoMREolnj8+eo5hkbb0gPd9f4Y1i0qKTRQ9es2aYVI=":{"valueMac":{"type":"Buffer","data":"7txLqOKT7gvurwNwRdRgdvJhzwyqN4W/BX3ppnaGsm0="}},"VAHJRTRPYmM0BWGYFY2mwtOcNDnVgHk48mYV0w/FOew=":{"valueMac":{"type":"Buffer","data":"z2fHvPad1+bCtsY22dmZjHuYqsm4Kw91w9G/P7MooiI="}},"WhPQf0vFkvAh17GJqTwoCeX/AzFB5x3vGsQM2OH8UZc=":{"valueMac":{"type":"Buffer","data":"e5wfs6xOH5Jdetw/o6vb/b56gjQV0MqLWbW2jLVi674="}},"10CD9DnPSy7U4fArrAaDtmw1YoTgLJUim1uFjgd6Yek=":{"valueMac":{"type":"Buffer","data":"SZv0kxtrfcEo0F/P9+WYxaOG66d6mba/Ks7DjD5KqYs="}},"veewE0Y1hT8Alo0mZf8NWZQGiPDkhGBccTRB+ZSzV7w=":{"valueMac":{"type":"Buffer","data":"PXm39ccUQdY5cUTf1gOe2jSNloNdJ/DPgK8Sh0VSK8o="}},"E+KDbSCScj8J7+OSrGBvxIOWpy7a6kRWHwP2Lt3m/Ks=":{"valueMac":{"type":"Buffer","data":"jyVvNnExh9Eb3hesOeXDnHjbecr9bQ4MbLnPY3ie92M="}},"65vVARyvhbp2LEETl5HBfSflVQj+RbjNep5dd7zE6ek=":{"valueMac":{"type":"Buffer","data":"7FdPQtldVzWU6UkMLPneGczO/tDEf9z/UgXwzAvJiOg="}},"7FffVlNFIul2O5nU96MBV5wEdQDocqaSjkuP3Alw+fs=":{"valueMac":{"type":"Buffer","data":"8Pxf/sIatMmFrfrpaUCNZzGJitoXhbUn8Jhkr65wHNM="}},"IdT2JYU+v1nXgXdx1JJioCqJ7/q/TC30iko+jRgYyA4=":{"valueMac":{"type":"Buffer","data":"qx2W3GmEFwF7msO7dgvE0g4LzYreIoWE9R2UAvkBBWw="}},"LUzdSRaSGdntI66zKEQ7AJliu4wLBFxZnrzNalPPPgM=":{"valueMac":{"type":"Buffer","data":"cr+1oxsbdJqq9pDJxVy2SPrb6TUdiyUYeHjEPvAf9XM="}},"6d/nWCpc0P/eTFJcAjTdk6EHxH6W4N+dRnNjb4fpTT8=":{"valueMac":{"type":"Buffer","data":"YKE0PZA/QQJj9ouk5l++gzwrik4WEph8s59a1jMHmYQ="}},"Zc6soP7d+Gb4z38c4PXiSxX+izi5avGFWbZExIozbSw=":{"valueMac":{"type":"Buffer","data":"4o6cKXCXc/c+H7sSEWXfkPvDjNGlHGBoNmXmCdxdd0o="}},"UOHdSf6k91SOn2FisihIhxYej0KhbtHdfVeUY+s9U/g=":{"valueMac":{"type":"Buffer","data":"XBoUFMIvLatDdc779BQbH8+GKrf7oifTgKLioKzimKE="}},"PfAUfar6+3MQLNj2SMKTvJl4ZwLgXBcRQksuerhNZGc=":{"valueMac":{"type":"Buffer","data":"cAGlIDScTgRymJAm2lQxwKW5kJMsL5JsvVW0mC3Phgw="}},"8tSDm6vizleWnl0TZpjUyNavcPrz7maKtzUeM1QQTKA=":{"valueMac":{"type":"Buffer","data":"YLzMIEXYqUmCN5J5Gr4NSXhImJjXY1uG70cJb13mZiw="}},"xuL3nISmYxoPWnSrriAjYbqxdvylrSYO8zXnV2CGjE0=":{"valueMac":{"type":"Buffer","data":"w0cEk6hfS1WsI6qkwq6ckJDkIeWjGpb4A+PkAZVEhq8="}},"DtV8/5vnbYcWA4Qiftu7zddfp7xXiK4NzxARu38v1Tc=":{"valueMac":{"type":"Buffer","data":"CnGdfb5ewNhbTw/JrRCBciSAg2Y1zx5vgKP6p6zCUUg="}},"Nmaj9xRtVUs+KMWGwTvjnR4KUvdw1aeYbP5YpbTheLs=":{"valueMac":{"type":"Buffer","data":"jmnQBckatPl8KQU9sxm1NSbYESTbHrV4Kj6lj95VwPg="}},"h+CREu/9VyMO0innDMVsf8KsGDxMVHhpHxooLrNnumk=":{"valueMac":{"type":"Buffer","data":"zKUIpM99vpyR1kUwlnDzXvViJBq4wJYQ5uKRMU3CiPM="}},"dYnsfwipHljkKOW4kthX0TJFO19X0WY0kJHK4vdS+ks=":{"valueMac":{"type":"Buffer","data":"QBPuW24oiJf/7bCjU9NgLtdNtxcBpdcJ+4Rs9Jo5sbk="}},"9L8o28gZl9VJ841aQftPTdMvNKU1CbtPaIOhZ7QaYdg=":{"valueMac":{"type":"Buffer","data":"upVVYY1nyoCyQru/eAaM4MEErMTkYagBN6XTPRQpIyk="}},"CqZfv6cX5CzqOtyx315nyTJsSBphpCrEvN5SsQUACq4=":{"valueMac":{"type":"Buffer","data":"rlHwmK97KTEav85xUEIpZh9FakrTmTJ8zXNeqtt/bLI="}},"kDmg0mzTMo5qIg7Pzq4mna/6gQUBsiyjLNVvOGldG/o=":{"valueMac":{"type":"Buffer","data":"uF2xhBXmTxm0WQxw/EG3X0TQEi2yTm8ZS29FfwLbLQE="}},"S9dX/o49NETTvq9FpY5QIvKSKRDSRkPc9MJbflC5qhY=":{"valueMac":{"type":"Buffer","data":"oP0l0w4JxXAA4xWDki/2m/XRMxmW+b8QvPv6wYRyGAo="}},"qRPeIENUix0rdSxT4uS3wzRmxNoBaoJP/U8yVG5Ia3g=":{"valueMac":{"type":"Buffer","data":"M9LfQJ1m9OlqafC4nGpcM6ZFcz55xFU0X1tYRw4Z8uA="}},"qA7uO2bPHQREJUjpbZ4lArHzvYJ+HH7N1lmGxhF3SEU=":{"valueMac":{"type":"Buffer","data":"mWFTJjNtF0aEea3yrKMW48EwcqdKwLkSjIJ/nmb+MOM="}},"srqYPldA71MFaHoB/tCSNMXqWY8s3byrBhxiQk5Zdrs=":{"valueMac":{"type":"Buffer","data":"pkPykjjZzsMIvV6bDr8eiaGCs20Yg9YSRWyWRv4HbYE="}},"BL4s4yYDK/sDuCjcY+pqe7bTAMGg+vhA3990K/tQals=":{"valueMac":{"type":"Buffer","data":"Sjaap8FQc7oxjSu6ROZgFTEixTo+yKdzEFOBL4c/jVg="}},"dU0rdMrfImlChuYVQcJZXvwmGrrX4iqxyLMsRi6dW18=":{"valueMac":{"type":"Buffer","data":"nNAtR1r2k+iVgVtNZ5z/TrBJrigSm5fefXUiNgilCb4="}},"YBJYt41D2pgsE+JOPtdLp3/cwvHLy8XDJXHRQe25pQ0=":{"valueMac":{"type":"Buffer","data":"hL1cB1X9cgjTFUFAQ5cSVDjmBwqvXLwJW/GFApysbx4="}},"A9+7Fs0rxZDJFTbdlyY64Bk3AZ6jRZteHRLIRNSUfPc=":{"valueMac":{"type":"Buffer","data":"tgjQRJ8RBGetDl1xTeA/FFP8Xd7ZobDjNXFUJRSbpWE="}},"NU1icjMB4lk4oalul9/08SVFxZlD/2YvH3hy2Sze6LM=":{"valueMac":{"type":"Buffer","data":"mz6TYYVxlwCJc4/xYNlWNizS3j4sMYAfBkOdO+nRg5E="}},"HmEEciPUPYITDE4ydZV/KLH/GtLsq+AiCIvaMp1Tte0=":{"valueMac":{"type":"Buffer","data":"elighZI9+LiC7JgauwMc4Eh8rXqqvV6UzbVFVua4urA="}},"jnrTYXIggW8caxFV4LKX7xjrd5xNL9AKXbFApgbi61c=":{"valueMac":{"type":"Buffer","data":"Fd+t7SFeJ0HPYUJYxgC7LMOwKopZfw499Afoj6sr1TA="}},"Hx0zoZLloI/b5PHcNraQekwsFKspPRu/7e3XTRuABCA=":{"valueMac":{"type":"Buffer","data":"23FJdJcP0hwhBBSYNnhIMZYvaRYa38h0VnxndgPIjas="}},"UdsF3W2DIFEBSoEPdYroEi9zgBB3wPorsW/G2m0g2XU=":{"valueMac":{"type":"Buffer","data":"2z3ja9ffsWELqkiI7ifoypIYxTk4CzD0rwaVvt31vJ4="}},"SF5P80Lcd2B6DqYylUCC5LyRsmHeDZ8hQJIP50fhD9o=":{"valueMac":{"type":"Buffer","data":"Iye/LNu4BySUTYIQQXeKyOHuLKsIToUbu1TaZRn2TAE="}},"zTsnuEiHlEvf9b2HF1Yl/yl3brCKGPE8CutaMwAxqyk=":{"valueMac":{"type":"Buffer","data":"87kw5AnN8cJ18jOsJnRvhMD10gduQxylixjhJQTVqn8="}},"Bnxjdg75fxbhfMS2h+BZQDPzJB+h/sr5VcQievco5+w=":{"valueMac":{"type":"Buffer","data":"JtVyL4HAx1SJ7DbDGZ+IBIbNYh0rs4PbE2e3dnTOPvQ="}},"XeT1cQP5zFUD42ESx0/N9qw3BzYN9qrqHFg3q9HTwYI=":{"valueMac":{"type":"Buffer","data":"j09t+FdJCYZY4V8svoRNtc43PhxZHkzOGQSvWFmSkLs="}},"2Lcliyu1I7SnWTT+CPFEHYLOO+KHr/fH17lk/hcHg1Y=":{"valueMac":{"type":"Buffer","data":"br9qt5mi/5lHsZ28pH5MA+htyNPbt3msCRNeoENh5EE="}},"lspXSchjPb8jFsVjernL8y5Kmi2dWe+2jIIu6GGzjzw=":{"valueMac":{"type":"Buffer","data":"eitjw9GQt3EGnFaHz7iiUD81jXTmDEJU3xFS7t5Dn5s="}},"K6OmmihMv52YSkBsNehAekr3q0oof0xV5Y+9U7hxU0I=":{"valueMac":{"type":"Buffer","data":"rM3qKUoHnjsoDdrUiSWlhVD2mYsLz3E4zv5M2v+BC2M="}},"/vrLRQmMshSyVJ2qUYTJBF8jpFaj17psye3zEDNWj3I=":{"valueMac":{"type":"Buffer","data":"xKePmp5BA/YJMDlZ59DBw0V8hSLDdXLj+O2WPuaVI3c="}},"pdmq8fNc9U+O5gN/BRceu2Gv0C3qVH+r5iY4MpfnrS4=":{"valueMac":{"type":"Buffer","data":"+J1+uuwfwQCwT74oIKXxoTMAXC3Vom7+st2s3nxlSvE="}},"2wCFAXZyqrO4oRaij7shH4pOaBtu/Eyuh2ferZJixOA=":{"valueMac":{"type":"Buffer","data":"wRBk5VnK7kQXmY2LmU/eVZn6wD5tUUxL04R14KZjAu8="}},"dKnPZb6LhRyc/u0JwNN6oFUCZ75LLncjtXQxcrFX3YI=":{"valueMac":{"type":"Buffer","data":"kenygfohekALQ6jyf/4h8WDe9j5GIN3JZ/dn5y+aQec="}},"/X84cHtIU7WZLN48rkUd0hZyt2K8YKHGB9GhFgHcWVg=":{"valueMac":{"type":"Buffer","data":"3RI2PWjgdJqmT3ZuEqKhD5q+3CI2YA9AYk1hTaF9ft8="}},"e/cJUHvuQSJdpk4fa9iDL79A3vdPc7Apw+E3p3B+Pr4=":{"valueMac":{"type":"Buffer","data":"sTZqbWjY4ldpg0hihHB8nstApSNF4LL6GEm+/+WzRVU="}},"hqei16MnG6aouXkn1uOL/lfT4HFZpzhwbT3BrE5qTFc=":{"valueMac":{"type":"Buffer","data":"RmYGHkUCxM3Aq2SVd/oiEDXYxcFkOxRYoHmCD+spGGc="}},"Z+uB2AqxicjuI6XSKmFDOnyjokThx85P7sCAU/fW6kw=":{"valueMac":{"type":"Buffer","data":"2cv51BeMqMdO2s4IRboVwCw6MiRGTGKNGJlB6e3bJ+s="}},"f0jeimKjfnlCoFJ1rq/f12XAn3n4NVgcA2s0MosUv0k=":{"valueMac":{"type":"Buffer","data":"BdRRzDMkbG/v0o4kyL5UmLB6ThaH9rKhvTjh6PGqMKE="}},"M5Hfh4xvzEqG8YrAEYa26D7njr+H9EhiTbeUvUXEmnU=":{"valueMac":{"type":"Buffer","data":"MXwIi+rKA+3qspqo8G2bOOWXlWl3EiaTfDik5D08Gpc="}},"hXf/Wxqvfbem/rwnGZ2vqVJfOKXF/MdLEdYHzRbUgqU=":{"valueMac":{"type":"Buffer","data":"kC+18D+eoebByh1jtA8bG6VsAijzqqD/enFB5TTKPiI="}},"wkxFV2rot8nvvJc2ZblBgQwdRcg5hx9xOMvk2N+eF3I=":{"valueMac":{"type":"Buffer","data":"xK9VL4J5vGdT8QiO07/VQcAiFivVerWJmkATwHmRqIA="}},"qSDYqASkXr3plJzIbY/Nw8A6HTOOVXPj6Ns6nnaMYVs=":{"valueMac":{"type":"Buffer","data":"tiKnTQ/sdI9/cgdzArVvol1WoDbqNujSfZQBcxvdFrk="}},"5Y6wykW8GQPbieQnb4ylu5Uglhuxm3n2YK6Xji9pXq8=":{"valueMac":{"type":"Buffer","data":"yJvTk/Xc1HevrH0Qlb/svU0XGlz5oKctn1zd1EJloaY="}},"X1eRMsccydBMWVohnL7XCXxhfXFBabb3iFuey/WuuBU=":{"valueMac":{"type":"Buffer","data":"7efWzkzFX5FzqyBloMdPNO8meu3aojgV4MTetwZLi0I="}},"XyhoCJGRLFBQTWw7T3dgYlqvqZKNb4T8jp/mN1ZscEk=":{"valueMac":{"type":"Buffer","data":"jSVZo3Gi1a1GPPF36LPbELzvSoY7AsA7RM2GgB3C/fI="}},"9qLYPITM7UTqoHxbE4c1JaAgDtSrF28VaZNFqrfq+5k=":{"valueMac":{"type":"Buffer","data":"IlDq5JIViaiOFSmUlBULCDH6mv0ab0HkaYl5fFEiqHE="}},"ZJAnSqEw4GH7YxTlTlDoVaQnUl/qctDICmD5o4zyeDQ=":{"valueMac":{"type":"Buffer","data":"J5NSAq9yF9qLrfzOWlhPIvlZ6jLFQSBcaO6oIWrtIFo="}},"qmaHgFs8sVJpiiw5k3AI9Gcr5I47S7Bo9IA5eOGD2Jo=":{"valueMac":{"type":"Buffer","data":"aaNMTkli0xLXwethE9fV/XsFa2a1aOh5u2AnhlabE3k="}},"MVAZUE5fS9LfpG+8M7pgS5c9p5nccBJKTjwV3F6xEQA=":{"valueMac":{"type":"Buffer","data":"9LUwSLaUagGYuiWD6dPWwoN2dBz91+KwP3L8/dVqMKs="}},"Q791OzAhfxRgwDaQiFb9r00d2rJGH9U2iLIlUmvGblw=":{"valueMac":{"type":"Buffer","data":"ku800JN/pW/M/Kh1CHWrYZNYDWKUSF1WbYk/7mMWSaM="}},"s2/BeWEtFl8s+C9VwpQbgqTOvm816jbXwrAQm9Yjgfs=":{"valueMac":{"type":"Buffer","data":"H/gi70kEt4JZ5WfhIuR1J0B69fYBYmEr5EYpBlqbr1E="}},"5P7ieBaCsO1u31lgeJPzacfAG2+WCFAxof90p9qNMWE=":{"valueMac":{"type":"Buffer","data":"ZWyM38p9chcn+hEEBP2ga7XfziKs/IjzXaWWEJocb1A="}},"nXawOxiklR7VSQd+zdfoqNjCqwRuJZx5tiyMys+fMzw=":{"valueMac":{"type":"Buffer","data":"aVhfQQo9dbNJDZUNRUV6EVkJknqQjWetrKJYK1Odf38="}},"BabeTDvGdMca9qDZ/BY5bv4M+aE1Q4T/8ZyUH47/f4E=":{"valueMac":{"type":"Buffer","data":"5QEjVPyNiMUnd7fPnecNbRkHHH18RKykdvFwsCXrxRI="}},"8JfC3XD7Gi4tlMrpNTqlDEvecAGk4wlvV9CemkcRpCg=":{"valueMac":{"type":"Buffer","data":"LCAPTLKZAA9BJtGYTVTf7eCGxoS32+LMR0DTOYe2baU="}},"5MjXz537ISymQ6ribDymSSgGUUG8uOuKF89vkHB54hU=":{"valueMac":{"type":"Buffer","data":"oGbW4AuRzX8OLQ7uns7DF8qmtcv1FhOWP2lPp5Nh1zw="}},"2he4ef6PlbOETn0YqTbalLI5QxMX8KficAP6l+YxAy8=":{"valueMac":{"type":"Buffer","data":"gErJsZ2jv9deu3e9REzIOen7bdpeV6lxmZZtMxWQTtc="}},"+19my+8fHQMr08Xlndnsr+TYSzEtw00kMQQJjx1v/uw=":{"valueMac":{"type":"Buffer","data":"MK2cK+QJK+wt8v0ilp1vrrZPE9+SbS60dWgd1PzPC/Y="}},"Qj9dPQwyGBmGH21fu2mx6tr2u/6x7FT2YSl9wOU8Z+8=":{"valueMac":{"type":"Buffer","data":"9M2STDI2B3I1bNGcM2yiHfVaTETbAmcfzGHTi1wKBLM="}},"7AaQxCN8wec7J4UMArwsKccSGPlW+N912XWr5qwUdw8=":{"valueMac":{"type":"Buffer","data":"wywPqzlBh1ibVs1TsKKMogcD9RT6XM8BV8WOysZkBhk="}},"AyNQhG+tg9kx7eQbjgXvucVeD5pAExrvDYnmaq5wDGE=":{"valueMac":{"type":"Buffer","data":"yDeAxomPxWuwPEBSTLolH5TpDeChp6r5bF/nIDBfBkI="}},"yYTf+JDrOrCED8V+RRmbpPjNfKhOVDEXPgfF/wVh2Ss=":{"valueMac":{"type":"Buffer","data":"vP88633w8BifIYpocu5EBAI5n7sKW4a7OciF3TW85es="}},"n1OAjC9DzJWbBY3GjfFw5C0T0bYV4gLrYN/+AOkV3cc=":{"valueMac":{"type":"Buffer","data":"qjV5gQdybpvKWCxkIhhyNeO1u3FPlGLw8ESgUdiv5vs="}},"gwzYc5/SrnF4xMA1cr1zjDrTQI/FcUADCQTP4rmhXpE=":{"valueMac":{"type":"Buffer","data":"XXgvETuMbzTwQ8jdkRPab4LpUpExHDHd1S66tAxlCSM="}},"d1AdDyGT10sZ6+gzssSvIe4te1rGOX8Fn17iVaiRGI8=":{"valueMac":{"type":"Buffer","data":"uWHXNb1QN/3bcC7G4HFh7kzrZ34I2e2obBrZwF7wyr8="}},"9kLotoKnodXnOu6rpewRo5OaAkVZCBjbCIveeNVrSF4=":{"valueMac":{"type":"Buffer","data":"wIKhO37/0Tjg6OazlqW3EDDGqsVNjKuy/9YwSQNtIA8="}},"v12vuEI/vsSOApTrpC2hMG/FN9e8VrfeSF0GWyH8fto=":{"valueMac":{"type":"Buffer","data":"rOI4+oddn5ieZEI6Kybc0EDGSBs+2bw35q/LAxoGGLQ="}},"rzRPRyf5+clrS3zuWpyWPvCGct5jX5hTwWDcuXSU3gU=":{"valueMac":{"type":"Buffer","data":"/PvreUyzlZaqLoAWXEhp+dmQ3xDikPn90u/4UR/mXNw="}},"DWQ2m8QHVnZsFJl/nEed78gMr4u9gRxTRKdeCyFkxaU=":{"valueMac":{"type":"Buffer","data":"lpRUNEU/wepUFYHOp17RQK8tt5mhQnSlqkHxKg2RJvc="}},"XQoMt1u3+Q8IapToLRaZcakLPgClGYsbgx70b+qXeVg=":{"valueMac":{"type":"Buffer","data":"mT/qdX+V3H1yd0RyYREJn32hLGB9yAAdrb6RcLphkM8="}},"QnaQQRjfkgqp8D0Y/oBF8Jrp39S7QoqrGKRyskjyd38=":{"valueMac":{"type":"Buffer","data":"NFAMZx2elEv1yfba2P3z+xGaawuidov/0BskMKMp8+4="}},"ZDuHxNLgoczH/sK5ZpOzMdw6jfT8TvLyE/ZejPPuOyU=":{"valueMac":{"type":"Buffer","data":"YT82XNNsvOuqkBFwXt28hFMgy23CuJq3625oBFq9Bec="}},"Pxy7pfgj2fuNOffFVIWfTjXWhgmV4JJ+g7Di6vTc5m8=":{"valueMac":{"type":"Buffer","data":"ALZNSy7QMcD/OjQ7U65DtupGFL8jsa9+2n1h6NKC81E="}},"iYkZR4XbUhWaE7NVgkJHJmZVGeUvV6WrckDjWAp/2lg=":{"valueMac":{"type":"Buffer","data":"g9It4dvTFqZl/MkNy45ecK7PkqWUWRw6QoT568N3hSQ="}},"EMtkTY00ZrhB1Yv3MRWpAF6Qi/s5WnJmBX8bOcX+O/4=":{"valueMac":{"type":"Buffer","data":"ZqFk6yHzE4gq/ot1fMhJVLmsVfyoUXbyH/8AoQFPFcM="}},"rvaIJsvMTd2mKAIwXsAAeSuusPTb9IqN7T591LY9K+M=":{"valueMac":{"type":"Buffer","data":"TNBd3qH2d9L+lx8/wnuhIM45VrcnldEcBjiNl600/gY="}},"TKXvAU0lzrLNLNJ52P9G36x7spVHBDaHZ1MdwPS3Ols=":{"valueMac":{"type":"Buffer","data":"A7cXoWsW5W27gzAZI8w/rc90+06XI7UX6K0uaMZz6qE="}},"TIHd1tcpC0RZZjIdL09zV4dAvCuEThBqNLxBpXe3pDo=":{"valueMac":{"type":"Buffer","data":"xLmQaqORItoUTmgOypdlOugWDKRKAmoAsFiGiPaJRW4="}},"6hBI6gOm+bPP9Tpwgs4b0LLG5nVKY5HV53NQo/0aWK8=":{"valueMac":{"type":"Buffer","data":"XS3EOxoK9zxJBkeMajMOa1RgB51Ir4105cZ5XLJDvqs="}},"nJSqyTeoMZjkNlHtjKij0p0fgVBfResyDpLBHSNungs=":{"valueMac":{"type":"Buffer","data":"AD5hzlCqldH9AuCxuwnG6LrDzVqkambtvuynBS8s2Jw="}},"F3Vl7H/67ytePSDEJKTlbS2AbUitkfWwgeKPqPieQ5s=":{"valueMac":{"type":"Buffer","data":"rgHPfycV/f4d0hpdbfT9LhZYfJ2VrLAx30cbay+dH0g="}},"t9QBiMKpUFLhr+4beh6l1/H9bH326bTqtlqd3n9U03g=":{"valueMac":{"type":"Buffer","data":"/lWH0U97eDI9RVijHYnB7IgmlDqf/2ozjuCbGE4xRRU="}},"lbtj3WMjHGtXEzrCzAWt3Et+w7i2lWaeXfV7ZAhYENA=":{"valueMac":{"type":"Buffer","data":"KD8YS04GAvLxcqJRYMhnMi9mlyXzTAKz8nGTnCcXLT4="}},"sA99GKg7+5aehGAdTZh89A9oUO6+b9UVQRStl3KcLEU=":{"valueMac":{"type":"Buffer","data":"O31/pROBdUZ+RM2ry8JiQEB5EwFLwpG9LGrCdj4/5AU="}},"XX6ogOPCMRI9MA8H+KAjHzzAMvxuN46TLWPX5uBqIQg=":{"valueMac":{"type":"Buffer","data":"9whjoYb9Otk32Wi/5lZfg5qZpUH4kVMk6Zi1ctRmyXM="}},"C6Rpa9Dd1r7fqrHjCL2qvaQvFnlbvL9MTEvyzjqa6kA=":{"valueMac":{"type":"Buffer","data":"te3xM/wBtj9MfktIk9rNGH17c3dENq8Vdn5IJEfBzDI="}},"aWhx6iKL2HRj6cylUd0k1Cx16xlHvKTaw7i0T5ueihE=":{"valueMac":{"type":"Buffer","data":"MfyiueU7KygUjKx6nOumpcgruW+PrTf9lZf8/+hGAAE="}},"TsWqTvICd7KxjthRYJTyzz+yTBfG2BdxkCghccAcBz8=":{"valueMac":{"type":"Buffer","data":"0HM7EOoy+SEsKvXHweqYHn/0TWTt9MdaczGN781VIIg="}},"mjWyyoooh6W9xNDh8RrmC0UjHe6v/GZzhVNNf/fZkI8=":{"valueMac":{"type":"Buffer","data":"gNuCmwCAX5SowR3bUDl5nuZFNOuVMQ4JocRBQDR/+8I="}},"eJGPkAXVAx4DCa1Sp42plSmeJsRfPMyOHKAv7HssaSc=":{"valueMac":{"type":"Buffer","data":"dv4RIv85fndDiSimcUwuZmu/lm0v22e8O7ApfZhxbiI="}},"FBpCQTr83QKcs3sHYETMEN+jRmrxO21DQkp5w71/9tg=":{"valueMac":{"type":"Buffer","data":"YLV68AT6HszoWVRwxK5SWwwnNFpETk7jvp5si+b0YHg="}},"e+hrsKl3TRudSFQMuB3F10Y5vN6a/4Kc6dn9jngnnOM=":{"valueMac":{"type":"Buffer","data":"iQGLnN2YaT128kHj6t1zOnAI9agv8rcGe70cIiw3bRU="}},"ueu6o6/50BXtloBXcPbkVBJ7DpS/k7Ya3gpglILAeSs=":{"valueMac":{"type":"Buffer","data":"+cgq9OtS/+M5oo8sjOKZZyEcWKBWtk87DU1/vIYp+p0="}},"0x1PplYag9dkUvY7OqekJcqk3gwmLfii4mHK63jlzW8=":{"valueMac":{"type":"Buffer","data":"eNGrU4WFGv7W2DsP/mR3fDjcmRU3v2cOvhalnULbXQ0="}},"hR73/aSY3atQQR+8B/F5U8VHZvr3ClyVmVjVl028D4g=":{"valueMac":{"type":"Buffer","data":"WpLQPS9VS4rRiQjUCGDU3xS93u3qQIpdQTn0jq5P9TM="}},"EquPMwbBL+yEOlzbjHzhKbm0DcWbcUuNwa9r5ZLIBE0=":{"valueMac":{"type":"Buffer","data":"WbB6F9LLRHoaxZNIi75gzLdlwVtub32OgQ3JSuuFJsQ="}},"Mq3RJ3Y5BaKBn4FH1/GnmxGkJmYG/4JGVcVWEY5NAF8=":{"valueMac":{"type":"Buffer","data":"mlSzNnVucZZvCVtZstKPQD+QFSgdJnFIc7XRuZ9WCus="}},"WxJyZj+UVe/sWPdN7+50sTHC+ETrwt2Z13OBsFZjBto=":{"valueMac":{"type":"Buffer","data":"EYR924TteeKIMxbXnYlOtI0PTMB750jGERHhFKz+dAM="}},"6r+xN7E1Ua6m3Hfjd48THR2/8+NQ0rcWm2fcwKW7qs0=":{"valueMac":{"type":"Buffer","data":"nkuNg7HzFZ6T4kGdSue/c+h02ALDtBATxWsdoAPvufg="}},"utHv7UPO0X0UyoismkgDr3RoTv5aysUPPTdEs/OBRbc=":{"valueMac":{"type":"Buffer","data":"/IGmC51zr6wSRsNZeR/Jybe9Blnid7zaQbpfGkiJ3Js="}},"0kXUuvXNUo7SE3hca0bHJbH8BioCUaJ2g+xZnNYu0Ko=":{"valueMac":{"type":"Buffer","data":"4OCqNHfhmm02quZEs4kVbRfWyDnEpIEn4z8VXMpzD0Y="}},"qT3fd/BfnSWf7uSEUBj47LAPPMwRONtGv22dLxw9oCg=":{"valueMac":{"type":"Buffer","data":"z8hZWQw9r2QmX1dyj6yXXU/FOHBFPyX/7Encazeghb8="}},"0vP/lxx2r13LgctHKstOlc0HNxkWCw/zkYRawJv4QS8=":{"valueMac":{"type":"Buffer","data":"wv/3mn5qUFUncqjI/GtDG41bVaXce8OYZCh/hEd/Kqs="}},"2ZofH9WF35WVtmCm57F5xdwD2YN6dNqY/7+MGp2cGCI=":{"valueMac":{"type":"Buffer","data":"oR9vtpVKy1W/FIWmFIr2VGuly4AAg0eaCnl7R3nGveA="}},"Dpdr/Zo0vsv7RJTgxqQ0azB+iFudEOpUxwJAd7Tvjpo=":{"valueMac":{"type":"Buffer","data":"GQjALnRAxLoiMu9geKxbnFeGRWLmSPLUWs9l69kOapM="}},"OBGovrq6LMQWGf+ZbhxbLgOLpb2tTO+vVhf2b2UkqG0=":{"valueMac":{"type":"Buffer","data":"HDClrD6arzA9+0AD2Rq8zrNgl3Jz1OnK10g5qFYAZ7M="}},"C6jT+3/LciFbirfm0e3ACp0CDsxlE1jfX68ikAVuZdQ=":{"valueMac":{"type":"Buffer","data":"FbaMZxhHce95FSId7tyxIpCa8U+6Z/x2SSpLK34yrGs="}},"VSeE4ck/Ro9bqaSxz1ctqxOBKQ/fD2y7RYr07SCV4Fw=":{"valueMac":{"type":"Buffer","data":"tLhkN3rdv4LDtSFZgozGhSWxtW/qt3Ax1fsn3EugTew="}},"bqmU8qs7GIzrmmCbfakgrjSz83vlIE9ImjzCuVosULg=":{"valueMac":{"type":"Buffer","data":"4rAPnvrG+6BVy9rbMSUTuLHUGwM6E7gc2T0wjgB0K/E="}},"IylTkeml2AijxFpwRVEpEZjJdH7F6akeFquzEZYdj/k=":{"valueMac":{"type":"Buffer","data":"uGGAKdF62pnHfMjmGXuuzLvN7ZGz9WSbi5bzlry1EX4="}},"YNL5sDIu5OFtgRUxX1fzk8Vi/1jcPY+qhh0XPjU3bXk=":{"valueMac":{"type":"Buffer","data":"Im7vx6IQ7hHiipM5gac2a3rxmmSNTkXsoLunk9dRb8Y="}},"saShJ/fIzr2mP8jkWIg+f6mAePDsAMCZZKADA3bSVRE=":{"valueMac":{"type":"Buffer","data":"VPFlL1Lyh6Q8MQS/DIchHvAy4fQro4Pvnnumv+IfIkQ="}},"pL8L6QtIhGd0flevPIn59FcHuYUGFb5cRLJ/oEhqUzY=":{"valueMac":{"type":"Buffer","data":"NsBrPf4clTkofivu7QL3JuLlrbKZDp6bw39QQmTSma0="}},"D4ohJfLvFLRplf7KkMrP9NXzxRWTYCn4D+mUitaG/O0=":{"valueMac":{"type":"Buffer","data":"QCSZHfjDAVxwJIMeXTqun7WWlc6BUY4KtARttLWNn2E="}},"7f6CX+ozeoRYDZ4ayY1E4p8OGB6dntG3C56GbrbLWMM=":{"valueMac":{"type":"Buffer","data":"f0TEvA3EJiSaAF7K8cPxGsyQAYinUB6BNOpHI5XYEw4="}},"bc0q1J0jS1ibDQfukBR6MPWqpdopjxvHHWhn5+Vs/1o=":{"valueMac":{"type":"Buffer","data":"MJvxPmsix/ouK8jmJCg4dNso2ElOKeSK/0/tmSySRk8="}},"2eQgqlrLwAf0lhch+FnOAqEA0uwx2bOP1zLfywxdrdo=":{"valueMac":{"type":"Buffer","data":"NMYOkZ6y4EuaVo+H7KXVR9U56fFGwX+Xs1PvBVB50ng="}},"uS1iAtrbwE/QOvMZNfNVvCUNd0r7WnCzPoVFlenVALs=":{"valueMac":{"type":"Buffer","data":"tY3ZwaG0lpSCnBWdCTgusks8p5M3HROVb6TtV/DXsR4="}},"6OPosj+5fsOAaGQpeiT3qkvCivsNZBvAqkrt/WNg/WA=":{"valueMac":{"type":"Buffer","data":"HfWteCkWxc5bhqGPJJbZdmbmouNJtMD+lxnPWkOUCpU="}},"Atnp2pkCfSy+AEVq6fXn2qZdWzoLWyXYrETgG9nermc=":{"valueMac":{"type":"Buffer","data":"k2+9agYZrRq1XcTdSowNHBh8N1pLVkZIfZTCboRr4ec="}},"a8GdyOdhfMP42XX1PCyoUSJ61q58qM6IpENLoijlffI=":{"valueMac":{"type":"Buffer","data":"m4rwferzQaZrM+vryjU1cW27pTJoOku+CRBzJC7QMW4="}},"QXyParoRiTyLCEgxxGPrW80uDV+uCF1K1mWRnmQstdw=":{"valueMac":{"type":"Buffer","data":"bmHhbXTpVKGcQVH26qTpBrjtV0L4WnN1lnjvl2RTeZg="}},"F5pMnjWtfu+2oDqWWy/sjHFVpH3/CQJVK/q/58xNGzs=":{"valueMac":{"type":"Buffer","data":"uXCE0FTQ1El1AhsX0EDqWELFe+7Oak7YTwAokpTDdX8="}},"1oJd5gikjmreWMQjN+Co9UTZY7ln1FGY9SOTadNwWQU=":{"valueMac":{"type":"Buffer","data":"SXAuGPWetv8O7fSriakyl9ODqKkpm3AydSpUy+39oEw="}},"bEY3GhSGdjpW6Gn5DCmFAGB09a4E1VHdpNX2bf7rbdA=":{"valueMac":{"type":"Buffer","data":"yQqxs/8R0czTjusTi8onzkwAm9MBlfkxUb/ps/MgK/E="}},"bC/Bu8TtKr5E8UTTG/l6vQzpK0qfYhe6d7XSHuCzkb0=":{"valueMac":{"type":"Buffer","data":"QuFTqCfIyt1QAkUhGYHldzSFWf+0l0d9FAasZikthes="}},"sNpfexTvIz0fI/XsYuwFeYPzAX49kQT6Yw26xYuLNWk=":{"valueMac":{"type":"Buffer","data":"80+9nBdBdYDh+y+K8smdDtO6TvYIgvGOAIBuXzc80d4="}},"guW4rgdSENzTobM5JaJgCql0Lg6W7Jb2I6KpP2EIsuw=":{"valueMac":{"type":"Buffer","data":"B0VO266yY0ajlIb5Sxpl8lJzI5JBiY2/8tD7oalmb5U="}},"B4vENMfTq2/kdzd9L4c1E6ndwoHiMFNHS6xDkvoNf4E=":{"valueMac":{"type":"Buffer","data":"EwMgR40WpEpQkfwCUkjmnO4sSbhstdl8SdPXcGQmo8g="}},"JbFXUv5k3IAn7e2RYvHapWPLGcNyGTnaivlr485PjzI=":{"valueMac":{"type":"Buffer","data":"+jNMS29Q/vDSVI0U1mEHleuuGcuxYSnwVzMpmgc9JeE="}},"CtqoYkoBufnRzpwJgNwYStq38nRSbvhgO0ynJbrqPEc=":{"valueMac":{"type":"Buffer","data":"IgqI+ohg9t4LMVVoxqvOX287IE97qHG6aK09H/CKalM="}},"zmGuS7VQ3qk+rhpB1XeQXQDA8EX1931mdPX7wetCoGA=":{"valueMac":{"type":"Buffer","data":"fzbvgmNEfHVIdNsGDecazLInS4rd/XNi/26KUQgMaH4="}},"/cbhdMsaP+qKRoLu1blB5b4C5/QTP6RdJZQ0hmk0lD8=":{"valueMac":{"type":"Buffer","data":"sVIs8FgE567bPf8Auiuaz20yYfACC3H/lHuEPVoGAgU="}},"8vqIHpSO4yJYjqCKHcrYLDOYQP9fg11KgYHeb3LtKgY=":{"valueMac":{"type":"Buffer","data":"eAVKK2SMSLYeftjn1oNudUDXL6Z4CB3KocLBSsN5eu4="}},"vudO0jKLKsjox9gYRDY/nFqvVtOqWf+U+rpVP6IjiEI=":{"valueMac":{"type":"Buffer","data":"TMcXRRgVQMoV7VsnzOf7WhLcuWLMgaGrTvdG6Ovvf78="}},"sJrZEVzoEyxP+s2zc/noT8w/EirLZhjoqO8IXK6M/Zo=":{"valueMac":{"type":"Buffer","data":"uPJVA8Mhh+YoBQW6Wv7UHC9quJRacgUXXN0Gkd4vrJo="}},"F1boA9RQjznHyloX0+jWi3tk6aZ0lsvWtLVRfnVE9GM=":{"valueMac":{"type":"Buffer","data":"9xBuakEy5QiAoei1SF1jn64uBgyIbc1JvwAGY+gC5lA="}},"+3juS6EX+ooKcb0GxpWGwTPIbdz18xurFDqYxj+F3RU=":{"valueMac":{"type":"Buffer","data":"eP1Uo+d02rKbtELLpbCHckDBr6I5BvuOFuHFMlbiQlw="}},"2JlLjGqD2otd1Fw37zIjgiaDnAmPnQ/6O0nCDCrSDQM=":{"valueMac":{"type":"Buffer","data":"wHLMSKHBf6PVruYa2lFeMPiYDnznJtD2kNPTG5cwBHE="}},"x4khlA6YmkkIdJJiwa5O1xxIeFC1nVW3DH0AQ4TkezY=":{"valueMac":{"type":"Buffer","data":"C7VOwNesvoR2KlWNxsB4syaDyIR2TARXONaHmSHomOY="}},"qlRY7fmVhm6eI/aGQjhLsgDPomaUxE6Wmwd8Wj/kmhk=":{"valueMac":{"type":"Buffer","data":"4RUD76+b44D9whFBzuWDIsDI3DTv/e4b+wVYVOGXnPY="}},"zL3//nBK19jfF/4xghz+42Zib6yPKVGytD52l7M+G4U=":{"valueMac":{"type":"Buffer","data":"/Rg54rle389XUSGhzgsm3wGdozk4lgd4t77/8Q+GAgI="}},"O0JuLpSm8NGPDBUEHfPWBdrgbEq4Y6y2ei3gMVJxomA=":{"valueMac":{"type":"Buffer","data":"v29HfGmp7t2V5lUutWuVcXWW55GyuYrtM+TRKDB+m3g="}},"SHDtoLdAk0T5DrQpc1xrehVoyC/xQfhXuqLWw4T9Z+Q=":{"valueMac":{"type":"Buffer","data":"N4cR/NCmpeKlojHhLRVIsk28UJvHdy2JTuURyh/yEAw="}},"xfUY85Duf7HAwa8w25LwHSuCCfYxPiuTko90S52sHyE=":{"valueMac":{"type":"Buffer","data":"lKGup2jDo5z1jj6qdfxk9M55evmCE85py9AW16MgBD8="}},"k3uVXxajHPO+SUYf8Sx9UPGv0iDszFl0Weah9NJn1tg=":{"valueMac":{"type":"Buffer","data":"nbvLn0RsH3H0DOezQZpXnbdpqiLJzNJCvSF22kYUY2U="}},"a5TsXVh5qGYbspE2vcOLbR6Ia3YylDP3A+mKNztp2O4=":{"valueMac":{"type":"Buffer","data":"L5+sEUMfK3s6zwPF3TFkpUCfBr2XyWIEheHYSOSw0Qw="}},"KHdOsJd5BvmiBQaGY0OFBFJwvrxYHj/Jk5/L+B5OYco=":{"valueMac":{"type":"Buffer","data":"I83QSJuEB9Y+q7IUevlGsxbaluUHCgqEaU90IOQfqkI="}},"giamdRNDHpeUjTujw3w8YTno+4T+FLt2poz3R6QvfcI=":{"valueMac":{"type":"Buffer","data":"kROEcQfiqVYDwv7g8RwQKJr5US4Qsu4zBj1wnsM7Y08="}},"w+Hn8oeCtgVuz/9mka2+Xp3RdIQkMzSPLVwe+JxF/t4=":{"valueMac":{"type":"Buffer","data":"wjGTzfMdPB1Ac+u7yqbFs68WssY8YIk1RaR3EkF0Esg="}},"K9FrL7kDGFYo/xgx/agr0n1/AS8wrkyWe39lpiQNvOw=":{"valueMac":{"type":"Buffer","data":"tjt7MMt9yyXN5SClun6b73lH5PCW2l3hFYqnYk8JEqQ="}},"UsisGEgSe6wT70Ry5H+BG4n+op2i19OtOZEQznn2F5g=":{"valueMac":{"type":"Buffer","data":"26IJjnhU9j1o5WwALBxIjm+RcsxTkfmTWEgvVvQwgq4="}},"S3nHqNBE72+WPTbq8a3BArHSEmM2ZdfTzuap+q4RjhE=":{"valueMac":{"type":"Buffer","data":"eoquqcTQRkEWdHs+9N/5gU4LFnLd8VIGGPErJwJ/PeA="}},"BkuOLbOQ3z9mKkopdtuYGqtKxrf40VmMkY3ZBv4pkBY=":{"valueMac":{"type":"Buffer","data":"BBMZXqJ6RT9mxjH/fXtvaXyFhVKi3+84zu1G1L/eJ5k="}},"cbiN9OgCHYN+aDH29UhmJxBKj9L18x78IfUMZEknn1c=":{"valueMac":{"type":"Buffer","data":"cOHUYkDQqv2CoEXtLWxwhAVekzBxbke7UilW46MKda4="}},"1tZybNI/4uxB8eN8GPaZu15oDungBpfshGyiHwCJGpA=":{"valueMac":{"type":"Buffer","data":"YkMiQ7fMvG4KT1thG/jx6UWmdyVQV5QlWvg9va8yyT4="}},"VuuZ7EJQMYIQvhbIJzsMOihAohWKScjr4FljwCwzeM8=":{"valueMac":{"type":"Buffer","data":"a71YPhRRbQybFNlsYT6P3MSzPGMZxiGiyEGKrvGfvj4="}},"CD5/ELXKvzh7aLj9ofrSFcdP9Ms3RNLghJJ8Ytk7vyI=":{"valueMac":{"type":"Buffer","data":"lJaRlneRwpWnhkmozRS0R08X7FKRkb0zGSNRtGDJ0+k="}},"Ii0ZAx5GHKukdhoKQRQwTZeePZXXWTcCu6MZo/vwz18=":{"valueMac":{"type":"Buffer","data":"UJO5OTSA57RoQ978+gcrBeJHuE0+dolu6ehIde3NM9g="}},"D+7DPMmrrzPpyL4ukLDocTJslI4mQGxRpPFS3xyXDjQ=":{"valueMac":{"type":"Buffer","data":"3KFhJ0OG5L8B0DOZRWuNZZzDrv6VII0FK3W6kMUBrIU="}},"DXT3Ih04OPfwB5GT/DzoW62u+wU3B03ryPB/mwvwG3A=":{"valueMac":{"type":"Buffer","data":"HWxbSqD40AnhU49gi8miXSnw1Gi4AmoQ25vJdJf/rUk="}},"3uvBUHZey0tvuUd2Z1IdnmB68QStxCg5lVzB4Ly6Pf0=":{"valueMac":{"type":"Buffer","data":"NGAPM+V4DUmOUypho5bQ8rMqsStGb+q2sSexfD2eEEY="}},"zCAu0nhRxKtr/aBuSiI8XMz+knNH+iyTLG49Ml2uTl4=":{"valueMac":{"type":"Buffer","data":"/LKCV9kEeyjRBUYIMSnfEJRXH+vpXyj2ChWlUtAVSjc="}},"SD6msHoRxz6D6pPEDkh/we09WdDp+T5dVexDTXrO+1k=":{"valueMac":{"type":"Buffer","data":"/l/7JGtv1xkgX0uVPvVQQpO5NhQhZyLAlJCZR/OahCA="}},"kZG01lcvq/Vm6nFDbBE/aH2kMRIEwS4kt+l9HP50XDk=":{"valueMac":{"type":"Buffer","data":"K8NyWQYzUpBWGZI1qUdbAA1HBgfwwivK7lcwn2dVD7s="}},"sbTDCTgEkQO1CUanog+hojeN/6mMsGvSUDydladDB60=":{"valueMac":{"type":"Buffer","data":"CF4oS1iV+NPaBNzQ4Wj2rxbluKYHaMEkwXNJrj9KeLE="}},"qEM31mSXZd8PBjl5OY2EkswHvea+irHDn/g+mKVY99g=":{"valueMac":{"type":"Buffer","data":"6ayvR/QLWjU4U2pisOLwcx+5VxoA3063AndVuyKcI6o="}},"MXF4GgPbjruVfOOAXKjMTp9i9kfzj5PFplOTbk+5hfk=":{"valueMac":{"type":"Buffer","data":"sW4mASNqm0cdwSh9h52NmhYUqHOc1griy1cC28Sx/tQ="}},"VKp5boPgxKEa7mAUKwspgCtBXGriGi7uRV9N/ZpV5zk=":{"valueMac":{"type":"Buffer","data":"U1nMi+ijhscGrAjEOH43NLavUVSLS3K6klJBccQiBEQ="}},"EYijxA/ZFfQVXXwNk2JEggTe/V0YV/tCfRuSC/rjQog=":{"valueMac":{"type":"Buffer","data":"f0Yfu+gGN4X+GGGqEGUQPBTVdwmOFOkVsFUPDN43AXI="}},"sGwWrlPwBmCPtc45ldkrEFAryfSaWlalQGr9KvuoiU8=":{"valueMac":{"type":"Buffer","data":"wbc6k+bCwp/y8ji6yr+q4pPlt9ru/fwVtTYjHI59HNk="}},"OTyU+BcuzSApRAO39CIGX7D1QswZ1CgjRAObLaOGAqU=":{"valueMac":{"type":"Buffer","data":"lR49qHuRCPcKHNTb1PCjwByyXL6leR7PJagWzJHEiu4="}},"owiypEhkUPSDy5rLJGtQ/fYnUMsoOyUoIZsWeIDZL1s=":{"valueMac":{"type":"Buffer","data":"NOrG8Y3eVmNxWkbHUWxn0hsjGD7rO02wN2TccWXfr4A="}},"34TgRMrN01Z/HHnTNwezMmwB1ge4J+wovZp0EujwepQ=":{"valueMac":{"type":"Buffer","data":"MmEXxs7Q2X9VBGvn37uHtSsmVd3A1RdkpCYHo/BgNZM="}},"3QgOuX6Ky2+C619tCzvHspX1mwdatCtqiLemTdx8lLE=":{"valueMac":{"type":"Buffer","data":"6vNoFl8Y/X5VT49ncu3lczWc1QPdcbSV2+w/7qQYxgs="}},"NUXWA0+TH3gkG8C9onRRdodm38XQq7wGOjsvVcntZMo=":{"valueMac":{"type":"Buffer","data":"UMt03wvAGUe5kDd6m0XSUZOoWshUzNZ5ebx3hEK91bQ="}},"p3ClO9hua+rgSloFkDJxJbXxEfwhRJIC3lj6raZ8QHk=":{"valueMac":{"type":"Buffer","data":"dXYDGtZmUh7avREd6Y2KxOocdHxY7375LaEaBXWts78="}},"yaRh9hwHcKNJ7C4cBiAvgfv1yTOBFR05RrUMTtHwu8o=":{"valueMac":{"type":"Buffer","data":"+gvdJ7Ld+6RmPJCbvg1WNkxJ7SRLTdL8Hz+ox/hh5hk="}},"jdVNfTULUSbyu8RALjlx4c2HV6GtYNUEsfxreOrNX7c=":{"valueMac":{"type":"Buffer","data":"cb1CCH52TSFO5XGdeQkJMOwZtpzilIwg95i22nZl9QY="}},"h0dNzQ6CC7nHB7UzuC0jQ6DGOHbK1Ot6TKFQlaH7q/8=":{"valueMac":{"type":"Buffer","data":"QMBi+UX31Wo4WEtcUoM4BRX/hdpmo+2TxdEMgecn1WA="}},"svYKcU3/eosvBSCv9381qIuSTc3zalDlkR1+cHDxGVY=":{"valueMac":{"type":"Buffer","data":"0c7osYBaW1c6qtR+EBjVxXulsYZ27b3szGfzmFAht+Y="}},"2MC2PnHbckCV6saM3d+7D8UbUMNuE3+4TK2fhv9WV40=":{"valueMac":{"type":"Buffer","data":"Qt8Lj/BK309oe0J0KZdf0YCOd8nlXyOTSJHsOqRMihM="}},"kgYSEY+kU5UFU/n0feB9ll+RAU4YL2IHadta4IW8zQ8=":{"valueMac":{"type":"Buffer","data":"bW07FiPhzbTDlsGdVQ43Mq7KAEqrd2h8ftQDDLqOu4g="}},"d6bCu1IEdm0dCMyPG6SbVbVMv4KVfwjV5KGiVu/whXw=":{"valueMac":{"type":"Buffer","data":"yHtbeATKVfhNqx7n4+KW2atNDxDfqVxP2AeEzj0LlC0="}},"WmVyl1Psb09gmkmOEsGrtKpszknmYp0mKtJIXOmc83c=":{"valueMac":{"type":"Buffer","data":"B+VjSKgHlaSYdSwjAUjQZTNgzeCKK1LO/PsNrIJ1vD0="}},"dkfd64t8PU9sS1SQh4mB3/5lccoGX8Sg1lDd/wxBfak=":{"valueMac":{"type":"Buffer","data":"NEqYLCIfGyKdFXbNufzP2QL/9hJZOOPyifIp7wZwyU0="}},"lp+W/xcFeqcZPBlOfSgS6Ecva9vYMT7Y+QqZB/HtOZE=":{"valueMac":{"type":"Buffer","data":"EClkDeuISx5rMht+W5+v/TKjYUMdj7dBA/noG8IQo7A="}},"2D1CNSm/IEbBRJ1ozJjXXawblV8Jz9h2E4tJ1su5ok0=":{"valueMac":{"type":"Buffer","data":"1IelhS1/IVGj1P4+DKZRGbX9MxT7Pok+rA2VzmmC7xI="}},"yb7auVlAdz6tCEtDv/4scBD4uMNSHeOXMO3x9DTb/nI=":{"valueMac":{"type":"Buffer","data":"LcKrH0P5UqrG/dk3hMjBSFTNHRFKWkE+teRkYh8cQ64="}},"RQb9ghphqAqZNJkgTSFDK6GEOiNA0Pcu7DQ2IYzsm/M=":{"valueMac":{"type":"Buffer","data":"70V58jpHSThFIbA9Lr9sOFXJg+eRPt5+NmLBJVv4wtw="}},"hj0hpyMcQZllzlTqxkcsmh87ZEFh9UrifUPG/SXpKK8=":{"valueMac":{"type":"Buffer","data":"BlmVh6xVQi4Koc93GRXYVLzMc/jcyYS81Y6T8yBVfGI="}},"UBxBI8Bq71ZefzmNQ8Mu6N3H29mrOgr9j112SzrySiE=":{"valueMac":{"type":"Buffer","data":"/2pbMe7WWYsHox9G5QsL8pg7Y0FQ4EM44ENFOKy50Ho="}},"mboM3+8vMXX+airIzukWrM9nVVWcnlHano85XrLI81o=":{"valueMac":{"type":"Buffer","data":"4ZQ+BCsmPen5KWGfbyum2mVI9zMXLZ6fFeZ4QEmTdjo="}},"qSGppOmTjGDq5Bfsx0Y8yZfcVgaHzaVq2FNo4sHre1Q=":{"valueMac":{"type":"Buffer","data":"buAydfi+0sTZHBSJBGKnyWr1+n/FrxiFImqVDtSIRdU="}},"P/g4QU+lizMjFA1lSx+v8ei54bSZfSWMHdMK96ocEdE=":{"valueMac":{"type":"Buffer","data":"DG31vfJgfHaC41q9BoRpVP5HrWcKFms5G7NQXP/0q6Q="}},"viuSJDbZMnnKHNEC7ECTnOzaxJDAz83PT7QA/lr34hM=":{"valueMac":{"type":"Buffer","data":"J7w3281kw78p9M4uVbchx6k2g34UOmO9AY/fQ++UCDg="}},"C2NMpzqB9G/8RyLWYMlUyC12HdfS1Xt8B2PtNyQws1U=":{"valueMac":{"type":"Buffer","data":"3Qlxp9QEM+sGWbYkz9m3Jxd/tG6L7Xlfu/GksNNrZ+o="}},"+UfyfJL0yuzodG40EFxWxrQqa67ydrvm7uC1HD8q7sE=":{"valueMac":{"type":"Buffer","data":"IFXOV/UcHGLKiRerxI44Xl4zBR3Hw6UwQjbCCmOUFe8="}},"tEHdVOUM7rRcs45GZ3upS/zuq8NHEP0zLwPBulNbLjY=":{"valueMac":{"type":"Buffer","data":"Lq2TAT6v0sg+6OgFjsDuKLrSSlce15js1UiqjGZKfzA="}},"jWaEZaMiidSjYb+lY/rCl9S/w3fDnYxfQ/yxRITkLVM=":{"valueMac":{"type":"Buffer","data":"MoZ4bZhYJV7whCPwD9iLUGXZVGM9+rk7J73W/Li2bI8="}},"63HYVnP/Jko3CtzfOjnQa5Oe+/yZXGuKaYmqDhpzc94=":{"valueMac":{"type":"Buffer","data":"fpplwu9pBPgLR0jgH03g1zch3u8xq2S/Y0e7fzSpeW4="}},"DLbNAj5Wzzch7JsazvsCjh3jRkderTc2ZG6w+dAM2+E=":{"valueMac":{"type":"Buffer","data":"6L40hPn/ml20/61+6N/gkcy6Rv8tYAdUosgOHP8jh+A="}},"5g2r7jVSaIKdQjqh4Al09TD2Sr6sHVW107wDl9+M00g=":{"valueMac":{"type":"Buffer","data":"0EwyUVlyA8ZAPFHlgk/v+BdLVc+Q1oMgWTCH8nysab4="}},"+LsyfyCcGUTZIh6MbkaJ1i8Gl+5qK61JULiMS2bEv8Y=":{"valueMac":{"type":"Buffer","data":"vWRajaCwBHYmZdI48fw2lw9OYbteKDVApB865dOKLG0="}},"02Uv5lAXloxziHOMsYB/B/tdPGZto9aZxmLax3zaSP4=":{"valueMac":{"type":"Buffer","data":"xuvFAZTrK4E/z4HAXWnaSTOO8CyOylTbyvQ2yjp014U="}},"hmVwkg8ipmxK7y80rIrbSLqSb8ASwbWBL52Ly3hl/K8=":{"valueMac":{"type":"Buffer","data":"LIs9lb17wgULV5MvMb0R7k2ll2AhZ6GC66S2BsPx2KE="}},"FuMQJ8tqYAx//eYf7mCtEAemI17x4CAgeV1QlKioh9c=":{"valueMac":{"type":"Buffer","data":"jro5g7xjor1qjPYzxtIN80EIWwJlvKCRHpOtm12IJTQ="}},"W5UQe03IZAlwuRbkA6QKQ61+wD8OCzt94Q4nwT+L37s=":{"valueMac":{"type":"Buffer","data":"X2XzCIIp5lr1ZfAinBSsWkwb9YQqHcYjfe72atN0PZ8="}},"sL8kx56j9DQX5heOhVIs2EPEaj35qrtYD54cAzrMgOw=":{"valueMac":{"type":"Buffer","data":"ukYZrGRW2cq/PZmy9ImZeXrA1PecSpLPU4rh3amwapM="}},"z17z/oyNO0H5v/wtyu8Zg0//6c9iPcgvAiZOMHX9qP0=":{"valueMac":{"type":"Buffer","data":"FnYz8teefe9Xj1XEWtx0vdEzrkJGcnHHR8m3Bw9kM6g="}},"XmOzQy5bwg4QYpjf7Hj9bvBrEuqVNYD1EikY8KLT+RA=":{"valueMac":{"type":"Buffer","data":"4PxoSGasXVYy5NXUsgsUTl2FA+yDXh9ADaeKsxqCsKo="}},"4wp//W0y41x8JhyPmpWUmODpwP8aNp+QQyIS9hapq6Y=":{"valueMac":{"type":"Buffer","data":"98FMUePcN/r89eB2tS+ZWpoHxX357E5+vqiZ3lwI6FI="}},"48yNroVqqEtaO1ZJ8CXQASBM8Un9rLdnVCUwizHb+ck=":{"valueMac":{"type":"Buffer","data":"hFDtSXlCks3Q+prnEgxHbvIcGOSCZm01SdhUFjcraMk="}},"UPY474TXZHbavof+ecmJW9gug848a6UjmdhMW1cBdoo=":{"valueMac":{"type":"Buffer","data":"LfT3Zz5j/FkTG02oJhWvOHM7w1JPTMXQJG8EUgiOa/o="}},"IO/AOf2LlSUkNNPv007esExz71JRjHpXsel37bBwQ0c=":{"valueMac":{"type":"Buffer","data":"nvpJ5L2KbH8WCt0saIIVw7ODJ2ocmuUV3QigyCBhrJc="}},"oQv9FJ0ZeRSwcaOctFpfLbvhMOGaUWhsKArjMLk9Q9k=":{"valueMac":{"type":"Buffer","data":"Krr0ExDhOTGgWNznT+ccYI6XSvdWSiMSsa/Flo4OauI="}},"1HaQxzks32WJgvLhoOLJXWXg9ZXTr7GG+2MMww0zU9Y=":{"valueMac":{"type":"Buffer","data":"PwPtb1NacwgfUJkHW09kSIWM/vFkMazUPYzO+RbnoLM="}},"+Kc9/yDFSb4jJNeASBEZeMBd6fYgom4fi2pisWWOyTk=":{"valueMac":{"type":"Buffer","data":"9xeAE21zDuUnDL36PcfcGaVHUwRoOuDwkN2VFyECKHU="}},"2ZR4G7Ch4M53kRG6qplXekvj6P/jPss9kc+/jA/wn40=":{"valueMac":{"type":"Buffer","data":"Jo5HNUMd2PwwPfvXLrLTJfBzOBauTeSG+itMiZ9yA7M="}},"t6ZUqDHlK91QiM50l89I9R63OIlAR6NAKSloL9h+geY=":{"valueMac":{"type":"Buffer","data":"3/vFGqUAO9KRm7OuOVN29RTekaYm4WKVW1c6L2uMw6g="}},"WjmwDT9FOGVMetVJ1AHbEvia3Lj4BUtsfooCU59ErLc=":{"valueMac":{"type":"Buffer","data":"n21g+wVAdSoHAVYNrP+dh8r22QzgfUpBFVbWmgAqyzU="}},"DDj/ZLI9ywyVnGaTp0QERE8w+VGxmnr2jYafCGhnXn0=":{"valueMac":{"type":"Buffer","data":"bX3L5i2DiSaVUwbcCPgqdmDRUU4+ztkfI8w/hexOXWQ="}},"LpaGL9E4LIapaYiidRRPPw9lFABY+oV1FH5aX+C/Fv8=":{"valueMac":{"type":"Buffer","data":"awKEg80u/pXTK9E01AIOnLr3OLtNci3aoESFC/6Rigw="}},"U0JL0+wRD19ESDkBdS6Tn8HEPAz64AfNlGphPWBJqVk=":{"valueMac":{"type":"Buffer","data":"A2wMiiMiVFl+w15/NCMiQXeSeF1ls7fVKejOVnFkBHc="}},"iHFCgBHNNyfvPPs9Z6BHoOkejyKPZrcPxe/3e5ZV6fA=":{"valueMac":{"type":"Buffer","data":"TGYaTGrPQR2atWj3aPcCNO/cVPjleo7Tlvt+BTYi/cY="}},"jPhETg+5HZItmKzCA6NNK3OsTPfl1uap8yBE24Or32w=":{"valueMac":{"type":"Buffer","data":"OwKyUpfqsCqfTzYb5rxtCv0YgF30gUIW3p4oVw1iq+0="}},"32aVD0pJy7k5VlwJLJueZdoh61E+6FdDLNPAgZSq718=":{"valueMac":{"type":"Buffer","data":"ntrTgqWioBS8OXXd3StRe8iGPCttO7ZDwF3SEVD/OE0="}},"hZymMXF5UFo+SvJIbK6UNLwPn94/UyqXulBLlftsvuU=":{"valueMac":{"type":"Buffer","data":"UdtPNaxfmNgzMtOPRJTnTL3WX+ED8hyAKzcYjrCP5qY="}},"l3D65h80hn08ZIumuFWNdpIHg+CtERngEgV+IAvTmu8=":{"valueMac":{"type":"Buffer","data":"wADfdrIfAu1EmzghQ1n4ACEWKk6flRXmKGTQ1YHYykM="}},"Mj3AWEqX18XOnle+9QSPQPAtqrpsgbzhyOQvJxl+llc=":{"valueMac":{"type":"Buffer","data":"4VO1C8LbUpo44PxFe3mydBXx7Zg1Ru2CiMl2BU64oiI="}},"ZsviB5i07C6Mtme7gpTzWvZoP5wHl0fC77mlA8kH3ME=":{"valueMac":{"type":"Buffer","data":"A7VRNJrbGAX4H/Y6lk3i5fNjS11C3tHkKeczM5SRL9c="}},"FZABkdBK4oESzXYzsc3WOwW9NQXEim4pMuICuRF8vcQ=":{"valueMac":{"type":"Buffer","data":"1gwV3yhzUUXFNfLTzZg/A3fMRwu8GeZw1bnZlZOpgPk="}},"c8ukKQDPv/JOvu0S4ciZTrr2maY+8F8U+YibK6SZjpI=":{"valueMac":{"type":"Buffer","data":"qHyh1oHptFncBjfO7VTCbtamnv+NK2v0HUmW5LIS+hE="}},"mEEZiTh/xz0Ma8Gkdw9SSNZgNS4eCMumNKLtwFwHWUs=":{"valueMac":{"type":"Buffer","data":"EJL2nT36MV5Fpg6LkN5MUcGsp1g0h/dKnc0CpjhcZ50="}},"QuAz2Jgr1mU2mCQ6Um7uPTUMrkLPtsGQ26kOgs7x/W8=":{"valueMac":{"type":"Buffer","data":"AxD5aWAr3zyNFAZ+tdYZVcuolt2S+JsbrAEjqdqpDC4="}},"KfRaJrF71IBF+wmKIdEoQOy8BBRBFr6iq7OIi6IGgW0=":{"valueMac":{"type":"Buffer","data":"DccLArOtDI4/o5JBXnwzV0GX5vcowoS+kMICY6oPzkU="}},"GaHfXwZo+M6t92OVkxuVfe/1rhOiUiNPdUmdBtdIL8E=":{"valueMac":{"type":"Buffer","data":"ZLdMpCmK+sRisGZeTbwrLmpA3PeiQuWh+QUJo6dcnq0="}},"AHkI1Rgp+mv1rY8zK3jRsRKjweVRCkqcgRDv/GT3uks=":{"valueMac":{"type":"Buffer","data":"TEjfJPvaE619oPnJzVQvh+zUcR2N6s21N0ohvErc0Fc="}},"h1M1/cgC+HW60STC086xaC1TBjBathUMFDKBY6hycrs=":{"valueMac":{"type":"Buffer","data":"X7cDB1UL6OmlSu8qirM8KcSqm6FmsJdZmqEeLV/xoCU="}},"j4pVja/+3UNE216fCRP8AjrTLkE+bkkXC36/ISDLPUs=":{"valueMac":{"type":"Buffer","data":"C6+DPgl2L4GYdXh0uJ6BtFsyOnl1tBH+8c8FIasemS0="}},"ES+UVkm1XfpuUBwfvWrZfZ5ALRAbnm1UdHWjMKPuKsc=":{"valueMac":{"type":"Buffer","data":"SiU01NAwqGwYINCi++EUIk0X+eAyiIxddsh8WhCQEcg="}},"kQBsNe7nIqym7m5yuZzIIoCOo8e473cX0c+RZsvF8Ac=":{"valueMac":{"type":"Buffer","data":"OyDqf5+3OogkbX8MplAhlOwao+9mMs6Yh5nbxBEW8/M="}},"N+lYYi/ZHlbiKkK0nEWc7xRceeE0WppATcIkzqwXdLc=":{"valueMac":{"type":"Buffer","data":"loCRWqup0XZQwNZssl/yTUEZgSp4wwwSUjUKEHcl0q4="}},"j5B1kF704Z5nayF3lBTI1XTD5Vz6yokQOYGDCmF9RiI=":{"valueMac":{"type":"Buffer","data":"LPqSFMAviAtQiF/1RL51aQnzWS9u/+KtyS15QzpA+lg="}},"XlIXJ4sZJhG9SD84J2UoYcgX4hXv65LYDULyJUL6/v8=":{"valueMac":{"type":"Buffer","data":"evr/17RPSIe9jw4Lq9V/N+mNaoAqmM7i5ORtYwy/TsA="}},"xEgwHNUzqv3KdJRstuF3ycmwOpKAIcBUxsO5jth+KC4=":{"valueMac":{"type":"Buffer","data":"AdRP46KRzjw+haCZ2UX1l0AS1ldpmE/pS33i7X8gg8k="}},"hNXKKTYoX9/DonBi6uy2UPaVbRHq2V2e8PG4R4/oMWE=":{"valueMac":{"type":"Buffer","data":"2AonoCQAcrMdX8tWB5Dosb+lpEdFJzgCST3DiM79CT8="}},"E0En2f9/GPskfnZMLJxg7V/+qLYEsyjtU1zhTooZ53M=":{"valueMac":{"type":"Buffer","data":"6XobtKkBsKng3sBwVqm0fe07bZMsR5WrR/XobwPgj1Q="}},"LNkel9gsB2w6N+TvrRlyWvBP9FYPVFMZEsg4rXyj1gU=":{"valueMac":{"type":"Buffer","data":"fM+kiplRcxWIJrtB0nYsQXyrrDo8hwey8xsaj0Bfu6w="}},"syI3uXzE1iPsuEPE53x4wj49PLTN9m5E+TLxhN3BKqM=":{"valueMac":{"type":"Buffer","data":"65AbX4ijOZRS4dxXR3azrWAFQTS3+jzB8NclapiG48I="}},"kz7giHlBwkXyGoe3YUVtqiN9ihEh183GCNAbZCWKcoc=":{"valueMac":{"type":"Buffer","data":"7cz9rzUfr/D+JIzZvTFqKa6ndx6Z/kp8gYEblE9rL3U="}},"0EHrgJWOXtFv7ptSZY8SelCGaUybGRoJOyWobvvg19o=":{"valueMac":{"type":"Buffer","data":"6Wded0E2rDlC8uzifDTkUOHMTCJzoIGDwkjRgxT4pxE="}},"lcRsd2c6viVjmXCl7i426GAR0Z1Y3KFVUCP24t4Lu74=":{"valueMac":{"type":"Buffer","data":"Tn+D3gGg5cRz7sS9iDuI46QQlS07ieq+h0LLRiZFo04="}},"a9Vl5b8URXIYMsowA6Tfier7z6JSgyIrAkzXQXlciSM=":{"valueMac":{"type":"Buffer","data":"U1tyKIeUICy7iOhHLWf3hDwCuj6nO1JnNMWehWtl+lE="}},"pMEbFPcnH2ZIOtwSE8JJvuEiDP3jmS0LP5iZ7s93UHY=":{"valueMac":{"type":"Buffer","data":"21n865vPQWoo4WrBN3C9kp2P3tK/n9LGfFGzWcErODw="}},"i+ELJx5ciGX94v3Iaf08y30Wj5BgvQzfohMXQje/Kek=":{"valueMac":{"type":"Buffer","data":"FklTIaSoXtCjyC7I2aobkTySgJ5hL3s1PRlrK6r4bJQ="}},"Tr1eqWWzNP4qSezU14iByKVcWH/Iz6fQuDxa/fBOiYQ=":{"valueMac":{"type":"Buffer","data":"korwiJRUam1tySntBtKBwqYJyfvv27H90obBM1Cnn7Y="}},"UD0N67mlMc59a8ez4v2i/7/JXfHS4gZfUE5Ecm+S8uk=":{"valueMac":{"type":"Buffer","data":"//fPNcTZEIXfQNbhIe01w6AieJBBcaA8wkGZXEHIc4I="}},"2oCM0nSyzjbF7Q5LxCONZFmr5hhuDY5G8Pg5HAd7rjE=":{"valueMac":{"type":"Buffer","data":"S+/fHf5AfFpe3RNsPUbIzE9ZX+CD8igkpj3H7/dQ9yw="}},"hgQe+TgbHAUws4KIySk+g1JoAYCanuGFd/TX6NiKWnc=":{"valueMac":{"type":"Buffer","data":"Mhd8dFhvzqiQ21N+EST+nuRIpaNuX9y9mpT1LJqeX7g="}},"+lskPQRRxcipPLaabf98put44fypJi37kwgUxwunS30=":{"valueMac":{"type":"Buffer","data":"Ll9C6mclYL1YEIqCQ91ZbhR86XZtOPXKma0+9B/Yzr0="}},"laAJLufKAxbjq8W3S2UwrBZN+kNO6vA3EL35EjlKt44=":{"valueMac":{"type":"Buffer","data":"SZAbFRQsI8e6zRjiPWktweYQ8/quY0MBRHuk21gDQHY="}},"XlNNY5aIxpl1wOMoXMZRRsB4kFJXdpgyST7+Iu6eZ8o=":{"valueMac":{"type":"Buffer","data":"sLcEOe0xRkDjEepz9yxSC49wM80Nuk62SgaVPe8atJw="}},"FWe0x/b7G33K3ohwBwjB2W5TdSb1JSHPcjkQRG3IQ2M=":{"valueMac":{"type":"Buffer","data":"24qzlkEdcoy2iG5yaK9uN7LijqSLdWf2wZsdIciq1KA="}},"MX1gY38BlzFgWUwU59rkPkG9V8vTBifrt1GbG11CyH4=":{"valueMac":{"type":"Buffer","data":"JDWkaiI+HNdQVsn9JjYXsyzuJzLsWzHk2k+/Jmx9fOU="}},"cpbGrc8NTueok5/ZIb20ecjeA4DGctCA/RcqTLOttiw=":{"valueMac":{"type":"Buffer","data":"n8jv4YazGrWqm0VCJdMyPGmPk/WWYxKMwTKrdKLXEvw="}},"qQWwKcZp+mnC5WOI1Ol+J4+Qwpf1WHt899a5twDENso=":{"valueMac":{"type":"Buffer","data":"FaWLVJ4XWaG8lHU2kwXlMh9wH0BMURNqM6VeTuH1ihc="}},"sGRWColbTTBqc32th7tpiAI8PVGrn32xIONl5yYa8cw=":{"valueMac":{"type":"Buffer","data":"XgetDy+VdMs+n0mNIxy97g4Izn2Ai3eRGqMOM8tIcVA="}},"2XEVuowQEf6/mIa1fqYQjaZd1X9jf6PCktpca3eZ1Ms=":{"valueMac":{"type":"Buffer","data":"E5oI8JHQ7ftUqiGe8DM8cOT+Rch2S77ZBPRjgkrtwts="}},"7sj0ZPbAsfRwQqkW7ZpUjkSjy4uBOXzrKf+IHDgxNmg=":{"valueMac":{"type":"Buffer","data":"KESYf8+ENdtgFQUyoJThCh/PmgEm8QNlUeAPCJtms8o="}},"f/B/ydHAYr+VEIdO1vpjqrZNDCM6MMab1RwjoWySIqk=":{"valueMac":{"type":"Buffer","data":"ADRmpaJoWhK9msYBc0+XwXideLIy82e370+VxsK545s="}},"HZQ50HF1ObuWwIEsMoY1VrYvhUfRJkPGbf/zFDDWAJA=":{"valueMac":{"type":"Buffer","data":"rn1PYX7hCQvIdvyh7K16G89UGunMR4WetRwybRox+qg="}},"omfesJNCA2CSkYSPerJjnZL9MLx2aLOG+AFh+O4DLOY=":{"valueMac":{"type":"Buffer","data":"EbU/0ZYjPdYvUGMMSvnSA3H+r2pRFqeCXiYPO+XIK80="}},"qfVcwOkOiEKWCoQbVVsTWDKIO2oidFZHTWXc44HyW/s=":{"valueMac":{"type":"Buffer","data":"wQdF0qnp6WHWkg0xZqXDdsgx2qRgrrs9I3fhqA8eDcE="}},"xf1eMnEbbJ0i6dKc0R+cXnIdeACQbF4Qfw34BWOGqRM=":{"valueMac":{"type":"Buffer","data":"XqLPNwTtPfoY4MB5f8Iv/jgqExXjbtcOXQGkTT376XA="}},"GQ9WgTOCn6qyXJbnRnUCZZv70Q1essF0djrcdg6OdxU=":{"valueMac":{"type":"Buffer","data":"UBs1mdyfA7P+nUPxKsGpfsgC23BiGFGbD0TZB+DCbyw="}},"ZuIKY4w4sBeeckcrufnMKO68XXNClScuGvzbKUWPBRs=":{"valueMac":{"type":"Buffer","data":"OOIyB8GCpN1ndzQJf26VDoDgr3i4bvWG3DzOcXBARZg="}},"ftrRuq8OFsAWS7Z2XIl2vEahUwiACzbMe37bSKerjg0=":{"valueMac":{"type":"Buffer","data":"KO3NoIT3ijZDBhxAgwvI4j0xXk8pRwiiJpeh8roVV1I="}},"+jYhXS5xxExluo6gOEAA4IjwDZuEYyKXGclupbC9ekk=":{"valueMac":{"type":"Buffer","data":"ZnHsp6+P1PJCZIczUe+U6t5k8b4wpTN8xstfVIo16/8="}},"dgU45QA6LROd+2h2rxHTUESy+LcDBAuzsWauqB263cU=":{"valueMac":{"type":"Buffer","data":"FK8TKR0ULkMnj+xxBqZuz2zf7K64WoamycDlDDKcvCk="}},"NJ2me8NKiWCI8vPJpBkx8TT+MwP+tpwQf8TwhQa6gME=":{"valueMac":{"type":"Buffer","data":"e3lu6zTeEs9HrV6OaCfTXi3IRQGVVog2flRH2Nnw3lg="}},"6H616Bsa5rH7fgmWlswj6oUszV1nezwA6180Vl2/Hyc=":{"valueMac":{"type":"Buffer","data":"mkANSYz590JXRNfYJ2s1enxbhb9iQ1oTKXt1vkFjqI0="}},"FuD4kkX1/0bfO5rAeDYI/s2DKrLNKBr179oK7QicQts=":{"valueMac":{"type":"Buffer","data":"Dhqg+dRnaFqPI1kBEwGC7EHohhXNwfYdNVsbm6gf8Ok="}},"9vvNIUJEFDqLQktOcB77LXNrj4esmMcd8q+yzdFvk7o=":{"valueMac":{"type":"Buffer","data":"qC8724/WnTswsApgNbg7US+x7KAviVBDU8bDumPJNqE="}},"mHQvKByz/eJGCF3noUexAtvf5yqS+9r/kN38SnSCY2Q=":{"valueMac":{"type":"Buffer","data":"AekWa629sAxeRS1C9XG/ne+iiBvVoz+kEbnDqywPAdo="}},"tLiPat0fXxnqcI6LuKmDIxDsAcF+8pVH9XLEtUnOXHM=":{"valueMac":{"type":"Buffer","data":"Q7SxmojslNrEDgB4zV+R9sszkvZBLg6V8iHwBqKEGvw="}},"gM4hVY6S/MgskOVm9shq2a+hjA67X/VBN9McPIBWGvE=":{"valueMac":{"type":"Buffer","data":"TKILDyhpPrQrzPnN6a9IOEoOlTtNw5dbT0yEtzxtKD4="}},"76eomLWWls75XQfNdal0jpVAElYbNPJv6zVaUps+K+4=":{"valueMac":{"type":"Buffer","data":"P/iPTVNCtQ6aV7V7qqpB1ibGdlJzrluarCppKsJtkuk="}},"m/3qbElSHAJF93CvjVghZrBG+fd9LRR/eoxxsJeefvE=":{"valueMac":{"type":"Buffer","data":"IEasvjFxcUCANXg4o1Ef0pHkZiWmeKzeBRNLMAyfBF4="}},"0M3cT7QOqckg5Ipsm3R7xtdHS4ChmZzpx6f6CHvSmVw=":{"valueMac":{"type":"Buffer","data":"0dRmV15oV1H4FKufLTZQTzYgPrZxbRpHHnMgSFWIu14="}},"x2ElebCKIDClAVLG+wbL4qg7pcqWCsag8z3oiodZb6M=":{"valueMac":{"type":"Buffer","data":"P84oZj0Z4MNQWu6dNAsOxQ7VaNc0Nl39RB/ftlbAafE="}},"LqI0jseubeqPp6OwsRxg9iBtkNB9TfWEPUzp8I+g5jE=":{"valueMac":{"type":"Buffer","data":"frrkP5dAXdEEyKzE6ycX0WJI8kCDwORGuSM4S5GEWx4="}},"mR15XuK1H3lgiqBw7zfS9OingMagJ2bWhPMovnheZcc=":{"valueMac":{"type":"Buffer","data":"MIfLE0oa+ODfyjmYMp9q7a1LjfVmO7nrE8DgjA8kzqE="}},"b7fhUl3JoJjEmj0zB7xVlOe1BA+91Xa3/zaMvUC3Vmg=":{"valueMac":{"type":"Buffer","data":"BdvbYOQX94+UnalnUmIfIZ2YK+Ne/USwCA7TdWwNSx0="}},"pwhu2CeoZhD3SI+Iun8/nMdP2HQM2Nzsncx6nqpMWGg=":{"valueMac":{"type":"Buffer","data":"wmLvabrE39v6asgvBB226sAEpyIIbUx+/Jz+n2p5ICU="}},"a85NGNrwD1fGL6+KtrMspWgkAE6K5dC48kjeFeZzmz8=":{"valueMac":{"type":"Buffer","data":"VmEVW2ECFz/ihTrCWde44yGvMUXeTPcy360uGX9YFws="}},"iFSXGFiBgpexH4Rvkz81gSECAkUoSX+i/o0jeLDcPDk=":{"valueMac":{"type":"Buffer","data":"rlygVdIQHI+tixzlNysgUDiAsFq+4on+2NRoAofoRcY="}},"4Axes1twshooB7aYN4F2slpU00YOSL2xeaVhXwWqn14=":{"valueMac":{"type":"Buffer","data":"/FXbaLyXNOTUp9xuLC/36t6g5KGBFgBEVxkP+qliv0g="}},"Ng0SPCTpqYW80jHHBYWEYVUEIntW0SIhzl2v2krtbO8=":{"valueMac":{"type":"Buffer","data":"W2o4exHf2A+XXhs7vT1kbV3B4VCmifUBS4n+79DGwss="}},"IZMiMmeupaSTGA/nSLjlC7nfImI2x2g0Mfz0ngvjrZo=":{"valueMac":{"type":"Buffer","data":"INhbCEmqkBeMbyV7L6TA1V5K/5pKJ+s8h+FI5/PEl2c="}},"aNdRdFNhuCJzF3lWSvdMA/Ih+gCZ1LlBW6MRGV9T72g=":{"valueMac":{"type":"Buffer","data":"6thMX3/k6NQboYypiV39hem7Bisnsp41wfbbvAaAPeQ="}},"lqstM5s/aHaOu9/gjelS74hFb/FNNJ+int6hG2RtiAg=":{"valueMac":{"type":"Buffer","data":"7tQNYojjdKpJobRJdY8Kvhl/Z0BBCrL2hJOK96RIU1c="}},"Qa2gJ8UnJ+qn1SnS0pSxxcy+XMtWZUQFNrvTI03SqVo=":{"valueMac":{"type":"Buffer","data":"TUhaKYNr40iZbr3luny18D+axpnGTjIC5pP4mMKIa14="}},"icXBtmMD8tL40ozB4p1HP3oIBioDWUe2MEqnmAzesb8=":{"valueMac":{"type":"Buffer","data":"3J4KcJjCwo3i9nljYlsXH8yx3NU7PxvsQSSGOrr300c="}},"TCJsGs5Zpf0X1FovcSDnEqsm3eUWXOMdSM9a6DAD+Qg=":{"valueMac":{"type":"Buffer","data":"jQnzUM0zQSkr5ZrleO9z9APAM9XOQo8ammcKefPGec4="}},"ABapv9vWIbpmkiyp9L1JE8WvGuUnE4E7UpmMAy4I5Ds=":{"valueMac":{"type":"Buffer","data":"3WbusjM5ONP5f+S3EcZ1CvttPU7eBMg4R2+5fmsUVQQ="}},"kMNWEcR3Vksgo6s7CCwhvodbXgYLZfQrikicWKwYoak=":{"valueMac":{"type":"Buffer","data":"NyLGB/W4/vvz1xbUZ9hZI7rWPrgoXhtDjNt86F3zYWY="}},"i6Zk9ZKiNsR6/xhT5Gv61wpzSnDPns5wBjIVeDdu7M4=":{"valueMac":{"type":"Buffer","data":"Y+9qajlmNl7Y/TWiYYb/UcZe2gcusOMReRcaCYZXYvo="}},"ag4dcWEZxwZKMSEqYp7xVaMFxs4Z5kPyrjafhykF0R0=":{"valueMac":{"type":"Buffer","data":"wSQVRsuBhVE3yynFi/7KR6pnYUfnA5sSntB2ykunwlU="}},"cBCWlL0/ZAm6BTYdF0sexV15M2wRyCLoV32flN2kp28=":{"valueMac":{"type":"Buffer","data":"k3/2i/MLAhKiAWDF8dXttbtpELVcCLmsBagpqnw3Vjc="}},"uYWjPiDmuIQo+H3lb2sTrhcXIeY6nI9SSFyhXwc8xdM=":{"valueMac":{"type":"Buffer","data":"kNdic3yCqPgWXMheMpvS1stXEy50Ey9AeXf7tSYczus="}},"YOpBsGKcwqhG8eIMimvDAjNP/9hN1eaHOoXpRy2Yfdg=":{"valueMac":{"type":"Buffer","data":"gNKQRbmvCCMekEVLr9qysQWJG0SwdbkMcMNCAcOv5oI="}},"++Yed2weFSzk3luQMcpGrMTOsf7E78IcVLikHbUD0ho=":{"valueMac":{"type":"Buffer","data":"IPFnIydE3qw4/CZuom1dGo1noKFv988qBQFYkroWDTE="}},"b5nVeQqewvDnB6EIXLy5XcEG4EJRizKLIeh5RKExdaY=":{"valueMac":{"type":"Buffer","data":"/4Ij0gCQfZVaxHJY3H5mvMV1aTB65FRwSlLWaLEZB8Y="}},"UQX1qdhIzTF/L1KVaXZzzTfyRRlj13/00SwhhLKBvMU=":{"valueMac":{"type":"Buffer","data":"GZinn6nbN26okOqR8pHr6IQfJGdmwFzCFbSowSrLsPM="}},"Fwu627x3y0MhpOYPoVvaJ9fH8w/xbIy3yNhJ/8Ukf4Q=":{"valueMac":{"type":"Buffer","data":"kPoK9Oe+HCpsO9qDm/Nmv8epAdQ+bMzUMEd3hlldetQ="}},"J3NVQqVwH1YVFCTwbIVUhE9zrKEyQAxyT6zO5J3Iv7c=":{"valueMac":{"type":"Buffer","data":"dnkNOBSXHwRzQBurwdlgzHcSZV2dtidwq8WYg3JkksU="}},"H4S3W89WQBYEfWvBB6m9mmZ3nCLjktUaIzvWtB05h38=":{"valueMac":{"type":"Buffer","data":"eMj3IFMIYPH3kio7aYrylP2pvxNL6M5uNY169uxRWTw="}},"EfkorAKQhx1G+Fu7e7dSMVfXBjL/cEEPT3iw8UiKiiA=":{"valueMac":{"type":"Buffer","data":"sXmpqtfzwDJGDdSOkHIsaEIsXfTCmr51QZEa9IWW9Ec="}},"ycvp8kjDhfYUZ8V/pPO6e61tv6fsLzdZ/JiinbvY+eM=":{"valueMac":{"type":"Buffer","data":"wN4M/5rI1lTG9NSMAadbDR4tHE20ZHPg4DkiRlcynNE="}},"KcHXK6QTBazj8uEQVvd/aftPKv7rvoMyNQNpWa3h8Fo=":{"valueMac":{"type":"Buffer","data":"v8XDArxUEvC92BxJvlOFz2ne0qByKmEYukElwWAUibg="}},"HmcZSVSmgAizUWwIDDBe2VXwT4XA9whaplJh0lZXwpo=":{"valueMac":{"type":"Buffer","data":"bid4eH9FGDM3SfCAXLnUC88rqixctLOJOK2INBzzLTw="}},"KRCMMHWQAikQA9SLLpzz96+Zcl0kmz4kpcC/a0qfsuU=":{"valueMac":{"type":"Buffer","data":"iWGT0WopLWrwWfYPD8q2TfOvw84f+IkpHWuN8owhDLU="}},"gmKKWo25SrqAN6CBuZ2X6bwyKj0BxewH7qmG891rDV0=":{"valueMac":{"type":"Buffer","data":"4pexfV/AJCkxdAexRTFZj/dE1R7LqDfCPJJY1xugR68="}},"+6uKmctf8vZ8G76hEfd/S93sKCo4wiAK7jFyUtfGwgk=":{"valueMac":{"type":"Buffer","data":"GMg88oCS7Ol6P5WSuVPHdXgF6C0+pESQlv48xfWHNQ8="}},"p5vA3zcRXyAvPx+AVbsBC/QwSO0JX9ZgjFYkX63RMJU=":{"valueMac":{"type":"Buffer","data":"fedb6OuHgYaExHyhOvd4mLFGANXTAUTtrZETgxzJ36s="}},"YD4rLoSK2gviUjnwm41HLymfubYkpPkuCZ1RauY0U2c=":{"valueMac":{"type":"Buffer","data":"GYbgLg+HfDM1z7TOY1Z3xmnNeIR9HhB+UFRn9yswcB0="}},"gubdwCMp3/vndHmzYNNXhFvyYj79Y1HwOYZyRiXQpjE=":{"valueMac":{"type":"Buffer","data":"bntGreCN7b53GceXZfc8eac3fyhUfXy66br3id4DW84="}},"GtzWmNK22hHNubaSVbwHlnw+YBnZ2NwUtMVEz+A5Rkc=":{"valueMac":{"type":"Buffer","data":"zV+tUEZy3qCN5UYWacKfrxgVLYZLS6yaYRevfbKuX0o="}},"yUC7RUMbn6NgKwoM1/IGlBdFjH8nwDcc/f9AxEmAAkg=":{"valueMac":{"type":"Buffer","data":"Wc5xQMq2CcLrv+LQcKIy9mTzF6lut/oLfmQJfG56DNw="}},"Mq8ZKF2G2Ap6MPFvsF4OWsf4sP1u//wvHfrlmV8KY6s=":{"valueMac":{"type":"Buffer","data":"1DjhEo3X4gfEFjm79++Ibd3dPX6ZNqmemMZnEBV6aPE="}},"6FB2+JJLdOW0zzmN1K7tyBY2Qdbtr8sjC15IZcQUEKw=":{"valueMac":{"type":"Buffer","data":"G2kAFLnVCWno7l4TDNaAyYdleUV/Z0bXioqG3WBxEfo="}},"RSckFbrrkZ4SGP9JIAFcMGUz6inMMiqoc7HQdEyrXgE=":{"valueMac":{"type":"Buffer","data":"NUtWv4bMFe/VHWoF7ISnP0nafcmykOomoFMiqeIqcDY="}},"aPcltUmAsx9fgYmGHNTyBQ2NMwhwIirqBzR1bpYdrdU=":{"valueMac":{"type":"Buffer","data":"Ger6mkZSQTET9aN8aC/dcXD2B/GGGtptQ5Fg1cbeY5Q="}},"iOYnjQQ4VTbXioTJdSAMzm7JFxhfDsufu50WQShzJ9M=":{"valueMac":{"type":"Buffer","data":"pFN8IcO7y+wCy4H9YNy0FsXspZXZbdcVSIR7f8ROu+o="}},"YGh4C/fs32Aq+ksnlzAhqrX2EzDYceA25IINNaDZKpA=":{"valueMac":{"type":"Buffer","data":"ahoy5q7ibVyxDLPhgWyG2nOtdMyEq1oLxrem56GOqBI="}},"379Y7KIMQxdZcqhTmqRZwIP9CanL0vlWJYwBsd+DFTo=":{"valueMac":{"type":"Buffer","data":"fMowMsLLxvOQXCPJFkrUr4iokWd0uV6neo4IOnLTocA="}},"Dk+DXiljOK3WIvtEwD0KprVFnY7DAn7ASrBnefAsz5U=":{"valueMac":{"type":"Buffer","data":"VE/kMMifemCQA7r+9tv6ciBVI9V76wR3Wl5EAt1Xd4w="}},"h5Ej+mHhQNjG+DVmRiN0uB4QOp3/45kjtKslqfy/bQ8=":{"valueMac":{"type":"Buffer","data":"DF0wPvhkwcZ+q8Aiu9g9t8eYqwS707nRtcB25CvEUzI="}},"wiPRO3RqObDTiWtvZDKfHpzRs7rHz/qhBLIkG6XaOw0=":{"valueMac":{"type":"Buffer","data":"Re6CMyzlcgz5IQAGqG1ECl2eX1+69LByX89vUERMzTc="}}}}