{"version":31,"hash":{"type":"Buffer","data":"5pM5ivi6AQ4e2UboY5fsXMI9xkfsVzSGBgPbwiN15hZvMRubBkO/Ts/igFTSWPyBjJuco48jAxrXGqGuJPRqY9ww0X4DNjA2OWtwdpsUwbbTpfTawl+J7jx1bKdQbRGL9xS45S2QgSD+M7w2MtCd3GTCzqu8JRiQZyPVoBCBSYI="},"indexValueMap":{"RXQBgU9VKzZq/ffFd+kyOJxqymeEVZqBEVLC2jLunGQ=":{"valueMac":{"type":"Buffer","data":"zaCrY4D0xWpQfXzOxhivifwHkRroz60cxQPb9q2Lhdc="}},"M5yjzxYc2Axnj88L9hv+9npNqImvHjiU+y3as/BOaQA=":{"valueMac":{"type":"Buffer","data":"qHKD9CFEhgCupYfEpfgV33a4n3020j4o7ZtqepLteLA="}},"yhTtef2u0Q/XQ7McNp2OtpfwiW89j15c+8usVCmDTC8=":{"valueMac":{"type":"Buffer","data":"FPJwAbEoH8GrIF6M48qWTxkEvv5sbdcaYnFCYPXAUdw="}},"J/xPUTArjylT6e7D2hfINDn9sfvxIFun+pxWQpawBRU=":{"valueMac":{"type":"Buffer","data":"sufxvBMY32in9EcHEERIhFbLgsV4EwoogL4D6QyV/8o="}},"XLVFfouTa8oGSYnpXkjilbHnKOEwjWepAtzXCMJ+3JM=":{"valueMac":{"type":"Buffer","data":"b+k44HyjKcMla0pj624d+Ziu/bSlXRu8DMX27Pm3Br4="}},"qMaReN2hj53PHp/TZ7ZKDiNG6/bEuuZgi6gSwluU30I=":{"valueMac":{"type":"Buffer","data":"Icth8QKm6/XykMiaNzXG195NMzeNIqSLnrInkrY8/6k="}},"yngeoLVyAQNKiSMnxh6rJmu69L7hMCpWcOpce+lVdGk=":{"valueMac":{"type":"Buffer","data":"QJMQAQhVMS3SdVU3jmEJ4lVImRcJQ67LpilIyESswFQ="}},"/DaxdnkSa1T4cQQMFtZ7KVf4Fsj3EwDIAnHLZlEzd+k=":{"valueMac":{"type":"Buffer","data":"bOvcwZ30OShvNOfj38UJclye9wLIInjbufkDZWTvqu4="}},"2PMETV1Pt5L32h4u7mOezwqP5PsViRv8xMKVx8eE3G0=":{"valueMac":{"type":"Buffer","data":"I8n6GJOJXD6E53qy9w7Rv0APNDB2MgJhWTUv+3L3WeM="}},"5GPrZzhgyX++aBztRuBOGWqtdsNJpx+2Kk5IGKBXguw=":{"valueMac":{"type":"Buffer","data":"xP56B01eJmQqwfCz1x8+81ZQUcNIIa0l7Jxs1OO22po="}},"y1iIAYkFECV/rjRzr4enI+ytuVrQ/IIWzbGXoDd2a48=":{"valueMac":{"type":"Buffer","data":"tTgckWi1NogB1IW0pm4hhyXOXDxcGRPjGeTrMUsazWE="}},"daLHdpz94QiYgCWSA2vlEB4Z6yYKiMT1MQ5BOi6Vce0=":{"valueMac":{"type":"Buffer","data":"gJCpgUNmS1/uamP+jLPehvF17DmD1A7CZB1otVYFTRY="}},"aKZ/jQPJIO0ab+E/bih3CGvW2NhcoyRua8Afh8Ty2zg=":{"valueMac":{"type":"Buffer","data":"1XTXXke2HOJdnd7anXaiEyOIZKOGUukgBuQmQj+VpKo="}}}}