{"noiseKey":{"private":{"type":"Buffer","data":"WOAL6lDbg5FGWYOHOhjD3LItIc8miIaefkZdZExXiFM="},"public":{"type":"Buffer","data":"8sA4Cq27nfL+a4rm5n3h8mZpArEDbuO3Yj7c5Y6cwiU="}},"signedIdentityKey":{"private":{"type":"Buffer","data":"gDOwkmLrmg+a48+9dQjut4qISeJWLb0hz9yb2NF2QX4="},"public":{"type":"Buffer","data":"ukbIN7BUpBLH6VisxIMsltZSO26eilse9iAin69RNEA="}},"signedPreKey":{"keyPair":{"private":{"type":"Buffer","data":"oIiOFe/98hXFq6fXUru3Y6eVgiBhIdIlz1Uvusbf/H8="},"public":{"type":"Buffer","data":"x+1zutc5aBQECC2l207mkkkGbIlDFEk4g2jlrurW3B4="}},"signature":{"type":"Buffer","data":"FfkUsJ4yJUFIH24CQ+vwHkkl4ULFqOgkl/9FJpVYHKZEOTJ7kLslyX8XPAl9LMkqPPRjR/twedSGK3tamPQnjw=="},"keyId":1},"registrationId":154,"advSecretKey":"bjNMz9rHztBovIvq21aNjjWoeGjcVW65hbLZpZQlQRw=","processedHistoryMessages":[{"key":{"remoteJid":"573207417876@s.whatsapp.net","fromMe":true,"id":"9CD7452236FA1854D7C98800EB394BD9"},"messageTimestamp":1681765477},{"key":{"remoteJid":"573207417876@s.whatsapp.net","fromMe":true,"id":"2376217CFC7F168BEEF9931AA4681BE9"},"messageTimestamp":1681765477},{"key":{"remoteJid":"573207417876@s.whatsapp.net","fromMe":true,"id":"6D3D250BC147753D3BE72EE1725321D2"},"messageTimestamp":1681765479}],"nextPreKeyId":31,"firstUnuploadedPreKeyId":31,"accountSettings":{"unarchiveChats":false},"account":{"details":"CK+GzPoEEOHo9qEGGAs=","accountSignatureKey":"VyZAV64EJjLWBkSvmkWfX8hyx6GrcLhlP2yr/Nby9yY=","accountSignature":"Bf+0vr9I6/z6hJhbHYdSORAUhAet/vyUfrheuBLlSZc1011CA28u9f7omgWR4KaRKt1RlDKadsCy/dv9JjBLCA==","deviceSignature":"po1dCyRu3MhpmKln3cE57ywm8rOxN8w4pW9EtWKrFRN+8H41Sstj5O62K8VQCCBdluD9DrywYcHFzJSw6eJBjA=="},"me":{"id":"573207417876:9@s.whatsapp.net","name":"Jhonny Diaz"},"signalIdentities":[{"identifier":{"name":"573207417876:9@s.whatsapp.net","deviceId":0},"identifierKey":{"type":"Buffer","data":"BVcmQFeuBCYy1gZEr5pFn1/Icsehq3C4ZT9sq/zW8vcm"}}],"platform":"smba","lastAccountSyncTimestamp":1681767112,"myAppStateKeyId":"AAAAAJDY"}