[{"senderKeyId":1162240248,"senderChainKey":{"iteration":0,"seed":"erJt8oiHnVORzuJH2a/StaMW5lBCgSAjNV9OUB/dx+M="},"senderSigningKey":{"public":"BTmab37pZTyr1DBl+GvJ3vd5B5dFkh/JaOA7uB5bmAAI"},"senderMessageKeys":[]},{"senderKeyId":2031320639,"senderChainKey":{"iteration":0,"seed":"QG4BYl5Sv6fJCP97eW7P3GriVdVWPSC17JJz+sZNlfs="},"senderSigningKey":{"public":"BZTiir/ujbUO9B5ANKknbaMIq0mu7ElyJZlyaaCLgc0/"},"senderMessageKeys":[]},{"senderKeyId":1420187921,"senderChainKey":{"iteration":0,"seed":"IOJ3nCv4CaRzRD4pgelDJkVifEefXQYOoyn7hcbgIDw="},"senderSigningKey":{"public":"BUYBkOSY3F64i/dBFe+LV/pfVdhUepHHzvpEXfBchBJb"}}]