{"_sessions":{"BbDxkeuOK7nBhSTVFuGuITTFwDl4sO/rTK4Uf0xEd3hg":{"registrationId":1253000709,"currentRatchet":{"ephemeralKeyPair":{"pubKey":"BcUp9qKTvWZyJZvCSzaHx3kzGmKCyvLseBFcwbLWR8Ms","privKey":"qAP2osPh8xAA5eAryjUOMNxwwxbGipZJSDk0CVDfCU8="},"lastRemoteEphemeralKey":"BVa6COA0FNBj26RiSQ4IHxBto9zUHwLsItQrkle9IdYs","previousCounter":0,"rootKey":"rgQGP45JeZQASyCiABZdKJy6DeWgput+KH+eNtY0lDE="},"indexInfo":{"baseKey":"BbDxkeuOK7nBhSTVFuGuITTFwDl4sO/rTK4Uf0xEd3hg","baseKeyType":2,"closed":-1,"used":1681769698115,"created":1681769698115,"remoteIdentityKey":"Bc69aE9eplDypPJNlcX9YufoqJ/2HRHgmeeix9HsLqwn"},"_chains":{"BVa6COA0FNBj26RiSQ4IHxBto9zUHwLsItQrkle9IdYs":{"chainKey":{"counter":0,"key":"7faEVU0Ucg11UpKVeA2z7k6+/ALhUIsSywo8CGESMI4="},"chainType":2,"messageKeys":{}},"BcUp9qKTvWZyJZvCSzaHx3kzGmKCyvLseBFcwbLWR8Ms":{"chainKey":{"counter":-1,"key":"onh9z02XRTW8HUdQeQhzAgBi5sJvaWA1ppbtl7eq+D4="},"chainType":1,"messageKeys":{}}}}},"version":"v1"}