{"_sessions":{"BUuCPC42S+zmCDd7Tgntp27jcd/ufk0HOsLmUTRe4Lgw":{"registrationId":7824,"currentRatchet":{"ephemeralKeyPair":{"pubKey":"BfRGB59G1Rokv08QB7pRc27N73TuST1oTjJZMo61fKR9","privKey":"wKdaQ/WF+Qa2/kYrSzeOaZ25aOki5vhjco2njQYfeFc="},"lastRemoteEphemeralKey":"BUe/Tjg+fCHmjVmo89Ew249n8jot+wiXvJUXPhU8ilBf","previousCounter":0,"rootKey":"+Ey8hqx4nEJ6Bp81fu+/a5t9WEdXK3kSMnD4FcMX93Q="},"indexInfo":{"baseKey":"BUuCPC42S+zmCDd7Tgntp27jcd/ufk0HOsLmUTRe4Lgw","baseKeyType":1,"closed":-1,"used":1681765580109,"created":1681765580109,"remoteIdentityKey":"BUGU1UYThvwAn2qBPgWLBmN64N+SEODjObcBSk8HIWkt"},"_chains":{"BfRGB59G1Rokv08QB7pRc27N73TuST1oTjJZMo61fKR9":{"chainKey":{"counter":48,"key":"H+vZwEhwRkYsNp3frqstIWSIyxIjI8wLv7loYRh1874="},"chainType":1,"messageKeys":{}}},"pendingPreKey":{"signedKeyId":1,"baseKey":"BUuCPC42S+zmCDd7Tgntp27jcd/ufk0HOsLmUTRe4Lgw","preKeyId":220}}},"version":"v1"}