{"_sessions":{"BbCrEhib2gpzZB3hwYFU/z6PCuLSm/8ieEfxrqFRwMYZ":{"registrationId":1900791548,"currentRatchet":{"ephemeralKeyPair":{"pubKey":"BYAkSgDCwjUjQO527c2mjbod8L/5jRqfqBlDbsS9pglX","privKey":"eHrRU16MV640eeR7Nu5Ev5KkAdrbT5fxvfmopi/ztXs="},"lastRemoteEphemeralKey":"BbCw3vwTRGuvTWILXf91KofCKe29X66HrxhPynCXfW5k","previousCounter":0,"rootKey":"eGlCJ0ymuO+uw1+IDeIA8Ic5ca+bXtt2GpYogxnoYmw="},"indexInfo":{"baseKey":"BbCrEhib2gpzZB3hwYFU/z6PCuLSm/8ieEfxrqFRwMYZ","baseKeyType":2,"closed":-1,"used":1681767414799,"created":1681767414799,"remoteIdentityKey":"BYKlB1Vh6Q/pCtdgv7rnIsvCi+KeiIWPgG/omjfuoYcA"},"_chains":{"BbCw3vwTRGuvTWILXf91KofCKe29X66HrxhPynCXfW5k":{"chainKey":{"counter":0,"key":"xVZY8O4JSbs5DmCuwsghFGHLg5V6pLNuWhYOJ7G0mkg="},"chainType":2,"messageKeys":{}},"BYAkSgDCwjUjQO527c2mjbod8L/5jRqfqBlDbsS9pglX":{"chainKey":{"counter":-1,"key":"Ch5kRCWnlsoRa+XP8OkxeGQgh4XoOFw5fdYkaY+R+oY="},"chainType":1,"messageKeys":{}}}}},"version":"v1"}