{"_sessions":{"BdEadLOAqO2VHCk1NbOwh1/WsdoRZaYnDAaYK5HKN6RC":{"registrationId":15555,"currentRatchet":{"ephemeralKeyPair":{"pubKey":"BZnyRTMIPbl9jFFpetHUNhelllqdD40UWq+F7uzUVaR8","privKey":"kERUyAv5yYZo7rz+HIhSTFZaLRh0cCyGlmZfkyVJymE="},"lastRemoteEphemeralKey":"BetbhJdXWs8a+H1FqMXiGqcR3UJNMkOTp2hkV3pveJc6","previousCounter":1,"rootKey":"0wqf9mk3TPEtpfU1SSTSePI9B/uTDjwKTKZ6bPwHJSM="},"indexInfo":{"baseKey":"BdEadLOAqO2VHCk1NbOwh1/WsdoRZaYnDAaYK5HKN6RC","baseKeyType":2,"closed":-1,"used":1681772682073,"created":1681765569630,"remoteIdentityKey":"BdfEuHUt92fYecS5/UBtzs0SQXrXfbeqWd63tyyja60/"},"_chains":{"BRtI6fzmHr6BBPygKgbnCbbjVFzkexZ4ekkt/olls5Je":{"chainKey":{"counter":1},"chainType":2,"messageKeys":{}},"BadsuQcGpyJACtFVQgv3QMPqSbQY540K3PtPHt6BPgop":{"chainKey":{"counter":0},"chainType":2,"messageKeys":{}},"BRkOgA+Q5d5hjDPHih8U9SAeft82MVwy950wXLbnpMYG":{"chainKey":{"counter":0},"chainType":2,"messageKeys":{}},"BQ0bOYbZ+wtKe9XETwBgHSjZ/nZsIZccdWhPBBFCpO9Z":{"chainKey":{"counter":0},"chainType":2,"messageKeys":{}},"Bcd4lQf/t1oTp3KBCckkwxCxOQWulqW452RCkhE0XYlY":{"chainKey":{"counter":0},"chainType":2,"messageKeys":{}},"BTgHtc4PE01amRi6orhaaZ314Pntp3gcLUMCN4aqKwFP":{"chainKey":{"counter":2},"chainType":2,"messageKeys":{}},"BUtrOGbXzBUTiKWnH6IwlTU0/gmks/VaIILP1Xz/8ikf":{"chainKey":{"counter":1},"chainType":2,"messageKeys":{}},"BeOcpMY2INfLoC9L40eybsDsww3Fw5KhcJCMGdN6LuI1":{"chainKey":{"counter":1},"chainType":2,"messageKeys":{}},"BYkhVrvw6/LduIX3m7C2AxVgJE9fFUDruY4Gji4p2tIF":{"chainKey":{"counter":0},"chainType":2,"messageKeys":{}},"BbPLspSTf8IRjTzO3b9H4sn7j8ou2anURxPlqu6glhdo":{"chainKey":{"counter":0},"chainType":2,"messageKeys":{}},"BQ61F6nsJXb8LKrnR/629iWqiwqeWzJmLP34XdeWtmMN":{"chainKey":{"counter":0},"chainType":2,"messageKeys":{}},"BS6nhJwY+DoMI8BJZrbEFD+qaXmW3eLcufGxoS+QPbA+":{"chainKey":{"counter":0},"chainType":2,"messageKeys":{}},"BYG+GGMhDui/L4DTK88ZDKnsSDOM0RZzyDHVLnH89/Vy":{"chainKey":{"counter":1},"chainType":2,"messageKeys":{}},"BQy2/t4H+cYwU5RyEgqWV5ShVOzSzLSJw7AzwkfYQ58L":{"chainKey":{"counter":0},"chainType":2,"messageKeys":{}},"Be25FouwZSxsXBiGnHTSSasg5q+0PeGP96s0HXIKL2o8":{"chainKey":{"counter":1},"chainType":2,"messageKeys":{}},"BaeNhzLDu/ypwVn7i/f+PJJ24KofoA5OWT6ilgzJcwYj":{"chainKey":{"counter":0},"chainType":2,"messageKeys":{}},"BWco0mUVAr6RQdzoj6flpKjktU43x8xs9VYCWr8xtXN9":{"chainKey":{"counter":0},"chainType":2,"messageKeys":{}},"BZtHXvz/osbH6jrIOeDN0g51E5KzBCxvi6YLS2irjA97":{"chainKey":{"counter":0},"chainType":2,"messageKeys":{}},"BXNZmAWT+3S9Vpj/hx08gzWvMgo3JAt4oz1mkffpOw0W":{"chainKey":{"counter":0},"chainType":2,"messageKeys":{}},"BfaBfff9P2mqN/KoVa+9kpCyqgIAC6A0NnXMX7chsItt":{"chainKey":{"counter":0},"chainType":2,"messageKeys":{}},"BQtXpcjDxftxrqRD6QjfhgOlDnH9n2vzZnYlFGSZKDw/":{"chainKey":{"counter":0},"chainType":2,"messageKeys":{}},"BVwl85E7/s0MFBNdm88il1mbsDHJMHmZSvJLIWfAhWtc":{"chainKey":{"counter":0},"chainType":2,"messageKeys":{}},"BYxiURapRPWKr6sQDRtYR/cOJUPFooIV1sk1a05m9HIW":{"chainKey":{"counter":0},"chainType":2,"messageKeys":{}},"BfF0zgqDXa8GQ59ak9rhIwEd/iUK59j8TOJL10kPJ9l9":{"chainKey":{"counter":1},"chainType":2,"messageKeys":{}},"BSLoyJ9jELAploH7bMyUcrIi/29afBLlTKHBtvXHNzUL":{"chainKey":{"counter":1},"chainType":2,"messageKeys":{}},"BcwzTLfZjVpAp7zvqi/yvKBupl3ARe2f7eyx6KPxf2Q5":{"chainKey":{"counter":0},"chainType":2,"messageKeys":{}},"BULbo2aSnor2W8wfJq1cVKHoEggh7ellkuFCmXq5PTZz":{"chainKey":{"counter":0},"chainType":2,"messageKeys":{}},"BQZRFtnDZpan2XBhBLuidRSMljMoFMFr6Mf0tdXSKB4y":{"chainKey":{"counter":1},"chainType":2,"messageKeys":{}},"BV9huD/ImaDlu1gLhv4xVW9b90ZbyBkTOoo5TLbeejlk":{"chainKey":{"counter":1},"chainType":2,"messageKeys":{}},"BetbhJdXWs8a+H1FqMXiGqcR3UJNMkOTp2hkV3pveJc6":{"chainKey":{"counter":0,"key":"4ZAtigz5oEW/6TLDZLx+8FBWP4yP/eZWXAi7X7VJEEI="},"chainType":2,"messageKeys":{}},"BZnyRTMIPbl9jFFpetHUNhelllqdD40UWq+F7uzUVaR8":{"chainKey":{"counter":0,"key":"cFDhXmxRAC1Y4jxLFkedPCKgIP1BQ339nZfp8vz/Qyk="},"chainType":1,"messageKeys":{}}}}},"version":"v1"}