{"_sessions":{"BU/6RFlGKm1804d0w/zIMy8oT/1nqzPj7w2nRbxPsUVY":{"registrationId":754538032,"currentRatchet":{"ephemeralKeyPair":{"pubKey":"BbwsFo49CxkhdA6KqiQDgk+AtzmZPhJjII1dpsqKFwpD","privKey":"+ORHNAb93tcOBw+w74KPL/evdrURRM3yklFQAep+ylE="},"lastRemoteEphemeralKey":"BTOMMntSYM1JOCLUPKkLYhQFlVOp1UQ9IGZbERao6HZJ","previousCounter":0,"rootKey":"6AIE1eSB1ACmqO5XpYvdLOSkll/73w1bfFYVJ47vAUA="},"indexInfo":{"baseKey":"BU/6RFlGKm1804d0w/zIMy8oT/1nqzPj7w2nRbxPsUVY","baseKeyType":2,"closed":-1,"used":1681768517526,"created":1681768517526,"remoteIdentityKey":"BWQJWROYfeo2IAqUQ36CtXspaMXKTrK0bfm/+5cF0isc"},"_chains":{"BTOMMntSYM1JOCLUPKkLYhQFlVOp1UQ9IGZbERao6HZJ":{"chainKey":{"counter":1,"key":"CPUf10lNr/kqmK3MVIMblBJlokhdbn1CisTbArblXkI="},"chainType":2,"messageKeys":{}},"BbwsFo49CxkhdA6KqiQDgk+AtzmZPhJjII1dpsqKFwpD":{"chainKey":{"counter":-1,"key":"NjGIdCdxyWfAhkMrkY0LC67LNa3J4rbln8Y5XN1VdcE="},"chainType":1,"messageKeys":{}}}}},"version":"v1"}