{"_sessions":{"Bf75Fou/04ZAhs47soa/U9HDUB1eKmP39k3B7pjVuEVH":{"registrationId":882703136,"currentRatchet":{"ephemeralKeyPair":{"pubKey":"BY0RH5cKxV/9ePlux8Ux7Q1fBmfb3MAfc8ArgE+eXPRq","privKey":"cFm2CR14roLFYSxDu2+VIiIApbPYBapoGTsg8X8in2A="},"lastRemoteEphemeralKey":"BV/XqxH+9+uIq5uRegd/qQne6GyeuWVOjTiR4bgsjT1r","previousCounter":2,"rootKey":"E8v7E1huljRSA/IvHIpQd5SmR6tTzVIGq5dXQME0dLM="},"indexInfo":{"baseKey":"Bf75Fou/04ZAhs47soa/U9HDUB1eKmP39k3B7pjVuEVH","baseKeyType":2,"closed":-1,"used":1681765709736,"created":1681765477765,"remoteIdentityKey":"BVcmQFeuBCYy1gZEr5pFn1/Icsehq3C4ZT9sq/zW8vcm"},"_chains":{"BS3C0Mlw5pwkpqgnlZXtXAtN4WUyxLt7fgS4ory+eCtt":{"chainKey":{"counter":7},"chainType":2,"messageKeys":{}},"BZEQu1SM4rXvc64k2RmeRHjF2uRY0Mmj4CsOVtYDWRNq":{"chainKey":{"counter":0},"chainType":2,"messageKeys":{}},"BV/XqxH+9+uIq5uRegd/qQne6GyeuWVOjTiR4bgsjT1r":{"chainKey":{"counter":0,"key":"A6594pGXuLBVLpOvdMunHJ2xM6TsfmZXyuNQM8Huo40="},"chainType":2,"messageKeys":{}},"BY0RH5cKxV/9ePlux8Ux7Q1fBmfb3MAfc8ArgE+eXPRq":{"chainKey":{"counter":48,"key":"L7s4Pxt1YCppX+DKXSMMUaGqkUb+B00ts1kbgUsomUo="},"chainType":1,"messageKeys":{}}}}},"version":"v1"}