{"_sessions":{"Bd7M2Jy2Tu8d0bf5WipkMOVSmDHO8SZ7FcuaxLLHJuEK":{"registrationId":440278284,"currentRatchet":{"ephemeralKeyPair":{"pubKey":"Be45HdDoVAX2H/Ql2sGrEsI8xhjWvk0Ooxh7TcW3o2ok","privKey":"YOWa+9uIGoMVaxjPZX/yHsLnoeW6v8MGnjpPczEX2X8="},"lastRemoteEphemeralKey":"BVZiOunoMDCiPtCFoihb/40JggPna7lXFBKbUQ1BTM9s","previousCounter":1,"rootKey":"pNqU1Dse5JdgZpdFNd71tc2hY6GtPODmM5/G6XBY4fE="},"indexInfo":{"baseKey":"Bd7M2Jy2Tu8d0bf5WipkMOVSmDHO8SZ7FcuaxLLHJuEK","baseKeyType":2,"closed":-1,"used":1681772711784,"created":1681772427071,"remoteIdentityKey":"BegjnGgPdCmzmvZYKVirzJoKpQZX478eWCMliuoXMgNw"},"_chains":{"BZ3Y2rPxxg3xh/u3ndq/Iv5hPJrNLSdz6aMD1/o/G3oY":{"chainKey":{"counter":0},"chainType":2,"messageKeys":{}},"BZWLRg9fYLkZep6FfZo0FPyNLiySSRICH8g771AjHUEQ":{"chainKey":{"counter":0},"chainType":2,"messageKeys":{}},"BVZiOunoMDCiPtCFoihb/40JggPna7lXFBKbUQ1BTM9s":{"chainKey":{"counter":1,"key":"Bw4RyDTma0mRMH81T+k1WFa+38uWkMzLMeNx6NaPTnM="},"chainType":2,"messageKeys":{}},"Be45HdDoVAX2H/Ql2sGrEsI8xhjWvk0Ooxh7TcW3o2ok":{"chainKey":{"counter":1,"key":"mLHjDQX/FjVHjH03B6mX3HbL4BjckZpSc7zBuVxdGks="},"chainType":1,"messageKeys":{}}}}},"version":"v1"}