{"_sessions":{"BZn8sR3C/Hdle9t+plgFLA8fvmFI7XAug0ALHeikLm0B":{"registrationId":97422214,"currentRatchet":{"ephemeralKeyPair":{"pubKey":"BdQKmVOg7epwZPqPlljB5qeUpr+TUnR7wqEHBTxRq5AG","privKey":"iCE+ykByzqjRkllUvA82Ve1+8sbYYYchBTMLpQwmq24="},"lastRemoteEphemeralKey":"BTEZJMSFBYqtsqMvwHVG5ZFzxgTZVai3hFxxuWBSL3F5","previousCounter":0,"rootKey":"A1dr951xTbGEElv5x9h+Zv8lacLeEkFgEXoGgg6jE8s="},"indexInfo":{"baseKey":"BZn8sR3C/Hdle9t+plgFLA8fvmFI7XAug0ALHeikLm0B","baseKeyType":2,"closed":-1,"used":1681766915082,"created":1681766915082,"remoteIdentityKey":"BVqgmlsg0p7apJyz2CSNE1ztuJTnpcX6N/eImSVOFQ8K"},"_chains":{"BTEZJMSFBYqtsqMvwHVG5ZFzxgTZVai3hFxxuWBSL3F5":{"chainKey":{"counter":0,"key":"73lD+zn2flVZQuQAmUvz/La6J6VcaTAMP/2xY1KcwTk="},"chainType":2,"messageKeys":{}},"BdQKmVOg7epwZPqPlljB5qeUpr+TUnR7wqEHBTxRq5AG":{"chainKey":{"counter":-1,"key":"d0J2ygUENVf7TUmDVTT/OmxhrczkXJ4OSXALZupDQTY="},"chainType":1,"messageKeys":{}}}}},"version":"v1"}