{"_sessions":{"BReeAWqBMEXw8EWbCe30ULVbRGITdZNwCRkSzpIefKhL":{"registrationId":235,"currentRatchet":{"ephemeralKeyPair":{"pubKey":"BUhiALXi6KOjDHU8XRxMS+OfipcwEe6HWDGNb0DeF7o2","privKey":"sGBg9tUyh04bcu4LiUe9Gv97h+PkYtvkmOdEoZxeRl0="},"lastRemoteEphemeralKey":"BSw6IH13RWjglt6Ta/jz1MJPDo79AC2T2iAmE3d4USxe","previousCounter":0,"rootKey":"/mgA6RsmX9tq6rVpRzVPb3BildlW2YyCBzpfQ4eYh9E="},"indexInfo":{"baseKey":"BReeAWqBMEXw8EWbCe30ULVbRGITdZNwCRkSzpIefKhL","baseKeyType":1,"closed":-1,"used":1681765580117,"created":1681765580117,"remoteIdentityKey":"Bf7Cp+8Zxsi9RR/T+NTIp4x2WIYPdos1G1sSnQAwIuM6"},"_chains":{"BUhiALXi6KOjDHU8XRxMS+OfipcwEe6HWDGNb0DeF7o2":{"chainKey":{"counter":48,"key":"X/zKCf7W6WuD3uQZQvl7oUiibMhMUX6Zrxu1SWTHXZs="},"chainType":1,"messageKeys":{}}},"pendingPreKey":{"signedKeyId":1,"baseKey":"BReeAWqBMEXw8EWbCe30ULVbRGITdZNwCRkSzpIefKhL"}}},"version":"v1"}