{"_sessions":{"BeDAUbBcNYyNZow2k+xdvR1Cph4B2NUwwlwAQu9kgzF+":{"registrationId":2072496582,"currentRatchet":{"ephemeralKeyPair":{"pubKey":"BaVFgHg5wzvChWHYiJ74JA8LvWu4gRTX36HhhFumIfQM","privKey":"2Pb4absKcwuqhNhggdwq7jNPYe0KmQA5y2yXuvIfdlA="},"lastRemoteEphemeralKey":"BZmKQQYJAyVefsLaDgJx1vw4ahhTHHVEknp8g3O+om1u","previousCounter":0,"rootKey":"GqD3vFXsLAKhrNjhcMrhfRgStN+F4mdMdcO66Zu9xfI="},"indexInfo":{"baseKey":"BeDAUbBcNYyNZow2k+xdvR1Cph4B2NUwwlwAQu9kgzF+","baseKeyType":2,"closed":-1,"used":1681765739221,"created":1681765739221,"remoteIdentityKey":"BVE/jkbDeRvPMI2n/YvaLDmBVEtHuJaICTfRMVrLJhUO"},"_chains":{"BZmKQQYJAyVefsLaDgJx1vw4ahhTHHVEknp8g3O+om1u":{"chainKey":{"counter":0,"key":"1GUc63YyR3lyU5SX2skWhf96qUmafJFk9VdyOt+d82A="},"chainType":2,"messageKeys":{}},"BaVFgHg5wzvChWHYiJ74JA8LvWu4gRTX36HhhFumIfQM":{"chainKey":{"counter":-1,"key":"q95b4llQKVF1aya/kmingUJrofMDdhyMGozBcwRXt1E="},"chainType":1,"messageKeys":{}}}}},"version":"v1"}