{"_sessions":{"BZBsiX9s/ELLFTZEjstSpuQvPisYZ4OcGy0nWpiJC6dN":{"registrationId":213815287,"currentRatchet":{"ephemeralKeyPair":{"pubKey":"BQtbUlCnmDEf+JlMcJqI6FCC196k5/xV8u/DY5JfZaEo","privKey":"2MqytYp7GXUt0EMP7ZLSXVC4047Ua2M1uNDosCYOtW0="},"lastRemoteEphemeralKey":"BS5NQxOzS0r0+ZojlkYBkc11Z8nw3A2oh/eLEBVqYpFt","previousCounter":0,"rootKey":"8C2JcfT/6brr6U5U+0NnmPJKhMongpvsLvwvNGL0kDw="},"indexInfo":{"baseKey":"BZBsiX9s/ELLFTZEjstSpuQvPisYZ4OcGy0nWpiJC6dN","baseKeyType":2,"closed":-1,"used":1681773693332,"created":1681773693332,"remoteIdentityKey":"BTFZRFATJlmhpB1Fe0HFbPEfEYZQx4Yg9sGHgt+QuwJm"},"_chains":{"BS5NQxOzS0r0+ZojlkYBkc11Z8nw3A2oh/eLEBVqYpFt":{"chainKey":{"counter":0,"key":"5AsgVnXcmr+eXk4P5yoT74LJYBYSUvmRJJI41KVIwEs="},"chainType":2,"messageKeys":{}},"BQtbUlCnmDEf+JlMcJqI6FCC196k5/xV8u/DY5JfZaEo":{"chainKey":{"counter":-1,"key":"WAzJkf9hAN0H2/w8I1tAA3PTUobofb4XVlMg1EfKb/c="},"chainType":1,"messageKeys":{}}}}},"version":"v1"}