{"_sessions":{"BSavYAQDffinV07/67+3kj9cmrx44p+aK7OdaZZ1gixj":{"registrationId":19611553,"currentRatchet":{"ephemeralKeyPair":{"pubKey":"BTULjWo3l3suX0aQ2arjKp6sZoRzSnzp0rMDNk0dB59V","privKey":"mH6gOMwnNlhu2zLjVJg+PUBbRs0i3YvxgUkfE1p1C3o="},"lastRemoteEphemeralKey":"Bb0/BYQ7Gv5PO7WEaXKQxHHycoq2zzLzT2hYbpzin6NA","previousCounter":0,"rootKey":"vNGd5/SpubixvPRiPKxMDvn7HYu//ED4VeXMGe/i9c0="},"indexInfo":{"baseKey":"BSavYAQDffinV07/67+3kj9cmrx44p+aK7OdaZZ1gixj","baseKeyType":2,"closed":-1,"used":1681767549468,"created":1681767549468,"remoteIdentityKey":"BQWGlOlfWCf0IYPPAg6l88xvhFq/aVpqcJWYB24hrH4U"},"_chains":{"Bb0/BYQ7Gv5PO7WEaXKQxHHycoq2zzLzT2hYbpzin6NA":{"chainKey":{"counter":2,"key":"9hza1jzrf//BdoAGo7VSK9gAgoJCRKnAy9go6sQN9wY="},"chainType":2,"messageKeys":{}},"BTULjWo3l3suX0aQ2arjKp6sZoRzSnzp0rMDNk0dB59V":{"chainKey":{"counter":-1,"key":"IjNfEC43SxEndu8quzCBCZ6GO+okW2tPxZTskYdRJEU="},"chainType":1,"messageKeys":{}}}}},"version":"v1"}