{"_sessions":{"BaS+4GQWJCEooBjd7FG5tBSsItprpyO7ZBIGHelosK4h":{"registrationId":758269484,"currentRatchet":{"ephemeralKeyPair":{"pubKey":"BfGbKUCWHQRIlGQ2p1ALVau+7XEGG8az4XuiaEThcwBH","privKey":"0FhVPZkEHqFjzh0EyZYPh3pvFVs5YrK75cYPs8zDl1Y="},"lastRemoteEphemeralKey":"BcQpbhB7gGewygID5473S0dcOkPTXJwlT9+i9I4jVGxs","previousCounter":0,"rootKey":"25m1TcD2TjERnDQ40Isfg54mTqRzXG2qBdFEqQV8Shc="},"indexInfo":{"baseKey":"BaS+4GQWJCEooBjd7FG5tBSsItprpyO7ZBIGHelosK4h","baseKeyType":2,"closed":-1,"used":1681773250878,"created":1681773250878,"remoteIdentityKey":"BSp9gVXGe5UytCPaUYGhF2ER179Gxb+8zSLIUT6ES2oZ"},"_chains":{"BcQpbhB7gGewygID5473S0dcOkPTXJwlT9+i9I4jVGxs":{"chainKey":{"counter":0,"key":"q5C2X2ZL99LWovWradDHzHpeFdvKUNO4m26NLoQWrf0="},"chainType":2,"messageKeys":{}},"BfGbKUCWHQRIlGQ2p1ALVau+7XEGG8az4XuiaEThcwBH":{"chainKey":{"counter":-1,"key":"ek8HJ5XzBEcjSLTukhsNml6nsQpJlmytOx6fBwLTjY0="},"chainType":1,"messageKeys":{}}}}},"version":"v1"}