{"_sessions":{"Bc58F4tlWur3dBZ2zzQxrqKPnrcKsltdZQbkotyLR5Mx":{"registrationId":1711175071,"currentRatchet":{"ephemeralKeyPair":{"pubKey":"BfHF4E6+N5ULinJU6Ejoz1aB/8F7z13zb6u3lkLrFg8i","privKey":"6GMbYr9ozXmUvjDGG6dXgeNqrBTBaESCCMMh0Oh6Z1w="},"lastRemoteEphemeralKey":"BQ6M2mI1EID6Hdf9dXOReUdxqPSmWyz91JUmLwsinL8r","previousCounter":0,"rootKey":"+vQJIeCwr2sbzN1pHaSDblqdmazuDFiv49i0ooOOPPM="},"indexInfo":{"baseKey":"Bc58F4tlWur3dBZ2zzQxrqKPnrcKsltdZQbkotyLR5Mx","baseKeyType":1,"closed":-1,"used":1681765580122,"created":1681765580122,"remoteIdentityKey":"BUmsH/ka8zjNNBGCXF3Is5I8QVBLf+My2ebNOVyxHoIa"},"_chains":{"BfHF4E6+N5ULinJU6Ejoz1aB/8F7z13zb6u3lkLrFg8i":{"chainKey":{"counter":48,"key":"sWPCRK6ScJFVXzNh9i8t7WwYQg4zGIVuB22zCjtMbAg="},"chainType":1,"messageKeys":{}}},"pendingPreKey":{"signedKeyId":16010423,"baseKey":"Bc58F4tlWur3dBZ2zzQxrqKPnrcKsltdZQbkotyLR5Mx","preKeyId":506}}},"version":"v1"}