{"_sessions":{"BUic28vijXf031QZS30KcPBTkmXOr3jl7zjZGJQL8zYl":{"registrationId":3587,"currentRatchet":{"ephemeralKeyPair":{"pubKey":"BdHKJTQXFPmXLI3tRi4ZetUq1R+nWM4wUJU9dgXATkxp","privKey":"2F06sK3rKC2mcYSMtJnXJC0u54/66xe8pxkFZRGl0lc="},"lastRemoteEphemeralKey":"BRion/4H71NEogXjmPImheZXbB1/OSsP4H7HlOiL/hMu","previousCounter":0,"rootKey":"6FHD4zv6BlehxW+9hPEnomL7X3G0ifg0RjCD9jWE03k="},"indexInfo":{"baseKey":"BUic28vijXf031QZS30KcPBTkmXOr3jl7zjZGJQL8zYl","baseKeyType":1,"closed":-1,"used":1681772427390,"created":1681772427390,"remoteIdentityKey":"BTfRMMqUK6OILlebCTz47JiKK5yrKy6cWDDKzaxug1ps"},"_chains":{"BdHKJTQXFPmXLI3tRi4ZetUq1R+nWM4wUJU9dgXATkxp":{"chainKey":{"counter":5,"key":"yHID5y6nYdmCSndjRv4A7TXfgeP6O54pNbwg2vXGYR4="},"chainType":1,"messageKeys":{}}},"pendingPreKey":{"signedKeyId":2,"baseKey":"BUic28vijXf031QZS30KcPBTkmXOr3jl7zjZGJQL8zYl","preKeyId":132}}},"version":"v1"}