{"_sessions":{"Bd1RkEohs/tTHXswAjuOFXQpRFhAZQ/lCHWC5t0GlbkU":{"registrationId":876,"currentRatchet":{"ephemeralKeyPair":{"pubKey":"Ba9IT9rZU4HPaep+QlTFQLtujMFSppsnaIRZgouC7zIx","privKey":"8LKoLKrBDj9BqmMusKMu0huy+6iD8FVcsFNCSnlwDXs="},"lastRemoteEphemeralKey":"Bdl3COtuqO0m/hBbKPn/KuLrYiXlF6JlIv5FdUcWDyNQ","previousCounter":0,"rootKey":"AHneiKY1U8Ty67WowBnETX3jOuHENlFLmAz5iJUpBHg="},"indexInfo":{"baseKey":"Bd1RkEohs/tTHXswAjuOFXQpRFhAZQ/lCHWC5t0GlbkU","baseKeyType":1,"closed":-1,"used":1681765580103,"created":1681765580103,"remoteIdentityKey":"BagBm6AaykoFrNzu5sPN95k+AWMNnT6980nNFRUm4TEK"},"_chains":{"Ba9IT9rZU4HPaep+QlTFQLtujMFSppsnaIRZgouC7zIx":{"chainKey":{"counter":54,"key":"8M8lcnMdh/g0vLhkKIhq4Gg03bWyyvJ6PpFSvG5T/Hw="},"chainType":1,"messageKeys":{}}},"pendingPreKey":{"signedKeyId":1,"baseKey":"Bd1RkEohs/tTHXswAjuOFXQpRFhAZQ/lCHWC5t0GlbkU","preKeyId":41}}},"version":"v1"}