{"_sessions":{"BWwKgAUdjiEOL428CoBTJzq5ANgcH+QkHISzRgUdWLIt":{"registrationId":665357104,"currentRatchet":{"ephemeralKeyPair":{"pubKey":"BXSwXQ7XluepScXhSMZzmj0EXkzZ4IaQlIWGptodUrMo","privKey":"UOG4paxyGGD2y2Xal0pwID3PaFzGhDXwqikM5fEodnA="},"lastRemoteEphemeralKey":"Ba3pDslXBkFjzvMPBZ+RqsJjHlYSV9mTce/gMpSD6cNk","previousCounter":0,"rootKey":"SkR75tx0BS7ZargenvcVfBeyFvbp59RtsFqslNGpKRk="},"indexInfo":{"baseKey":"BWwKgAUdjiEOL428CoBTJzq5ANgcH+QkHISzRgUdWLIt","baseKeyType":2,"closed":-1,"used":1681769929618,"created":1681769929618,"remoteIdentityKey":"BcUXHxzvPHd0xcr1GeaoQxi89jvSr9X35sfvTuqe3TJh"},"_chains":{"Ba3pDslXBkFjzvMPBZ+RqsJjHlYSV9mTce/gMpSD6cNk":{"chainKey":{"counter":0,"key":"FCQuKY8IWk3YJ8fm+cSl8BCas/b+2UEjWMygKGy1LVg="},"chainType":2,"messageKeys":{}},"BXSwXQ7XluepScXhSMZzmj0EXkzZ4IaQlIWGptodUrMo":{"chainKey":{"counter":-1,"key":"gE5dE/Yvl2nRNvYw2bn7NQLQ51ScfUl9SQsTp3fIQNs="},"chainType":1,"messageKeys":{}}}}},"version":"v1"}