{"_sessions":{"BVfxfrDbHV4LSo8h2cIKpfjEl65xcESqhaNR137tzhMu":{"registrationId":2059476596,"currentRatchet":{"ephemeralKeyPair":{"pubKey":"Bd+Tecb+H7gzkqTobgEg8lijmK02M8x+CVvH/Okk0ExC","privKey":"AF2g4BeZ/DsAI902ndM5WPL1c1sdv9o0iWSy0sASkU4="},"lastRemoteEphemeralKey":"BafXdu80t7Ug6tT4PsbJFJJVSBCxNjHJspwRZvCzLjEn","previousCounter":0,"rootKey":"gSObmJwkaqyG+6xoMa+c/L4NeNfiWn8Ce5nllfSJmF4="},"indexInfo":{"baseKey":"BVfxfrDbHV4LSo8h2cIKpfjEl65xcESqhaNR137tzhMu","baseKeyType":2,"closed":-1,"used":1681769116344,"created":1681769116344,"remoteIdentityKey":"BSYppbClpRzpe5z+IwLxhzLKzcCiXLrPAiZEk2d79eQA"},"_chains":{"BafXdu80t7Ug6tT4PsbJFJJVSBCxNjHJspwRZvCzLjEn":{"chainKey":{"counter":0,"key":"4LhyHYp7/cGg55lUmoIZg9SRsq+ik4vy+0NeAYfWego="},"chainType":2,"messageKeys":{}},"Bd+Tecb+H7gzkqTobgEg8lijmK02M8x+CVvH/Okk0ExC":{"chainKey":{"counter":-1,"key":"no+SEEwvGRnDR3eyu8JtHLgfttFnzrfukZ97Ovy+CI8="},"chainType":1,"messageKeys":{}}}}},"version":"v1"}